id,projectname,deptcode,users,product,status,createdat,updatedat,cieareaid,financeproductid
2332,Project 1,sa,"sahe,asa,asd",asd,true,,,1,1
1171,Cloud,CL01,"Saheel,Vinay",Cloud,true,,2022-04-19T18:30:00.000Z,1,1
1172,Site Reliabilty,SR1,"John,Smith,Tyler",Uptime,true,,,3,14
1173,Cloud Infra,CI1,"Smith,Tyler",Uptime,true,,,4,15
1174,Development,DEV23,"Saheel,Smith,Tyler",Uptime,false,,,5,23
1175,Site Reliabilty,SR1,"Vinay,Smith,Tyler",Uptime,true,,,6,20
1176,RocketOS,ROS1,"Saheel,Harvey,Mike,Donna,Rachel",Operating System,true,,,1,24
1177,Site Reliabilty,SR1,"John,Smith,Tyler",Uptime,true,,,3,14
1178,Cloud Infra,CI1,"Smith,Tyler",Uptime,true,,,4,15
1179,Development,DEV23,"Saheel,Smith,Tyler",Uptime,false,,,5,23
1180,Site Reliabilty,SR1,"Vinay,Smith,Tyler",Uptime,true,,,6,20
1181,RocketOS,ROS1,"Saheel,Harvey,Mike,Donna,Rachel",Operating System,true,,,1,24
1182,Site Reliabilty,SR1,"John,Smith,Tyler",Uptime,true,,,3,14
1183,Cloud Infra,CI1,"Smith,Tyler",Uptime,true,,,4,15
1184,Development,DEV23,"Saheel,Smith,Tyler",Uptime,false,,,5,23
1185,Site Reliabilty,SR1,"Vinay,Smith,Tyler",Uptime,true,,,6,20
1186,RocketOS,ROS1,"Saheel,Harvey,Mike,Donna,Rachel",Operating System,true,,,1,24
1187,Site Reliabilty,SR1,"John,Smith,Tyler",Uptime,true,,,3,14
1188,Cloud Infra,CI1,"Smith,Tyler",Uptime,true,,,4,15
1189,Development,DEV23,"Saheel,Smith,Tyler",Uptime,false,,,5,23
1190,Site Reliabilty,SR1,"Vinay,Smith,Tyler",Uptime,true,,,6,20
1191,RocketOS,ROS1,"Saheel,Harvey,Mike,Donna,Rachel",Operating System,true,,,1,24
1192,Cloud Infra,CI1,"Smith,Tyler",Uptime,true,,,4,15
1193,Development,DEV23,"Saheel,Smith,Tyler",Uptime,false,,,5,23
1194,Site Reliabilty,SR1,"Vinay,Smith,Tyler",Uptime,true,,,6,20
1195,RocketOS,ROS1,"Saheel,Harvey,Mike,Donna,Rachel",Operating System,true,,,1,24
1196,Site Reliabilty,SR1,"John,Smith,Tyler",Uptime,true,,,3,14
1197,Cloud Infra,CI1,"Smith,Tyler",Uptime,true,,,4,15
1198,Development,DEV23,"Saheel,Smith,Tyler",Uptime,false,,,5,23
1199,Site Reliabilty,SR1,"Vinay,Smith,Tyler",Uptime,true,,,6,20
1200,RocketOS,ROS1,"Saheel,Harvey,Mike,Donna,Rachel",Operating System,true,,,1,24
1201,Site Reliabilty,SR1,"John,Smith,Tyler",Uptime,true,,,3,14
1202,Cloud Infra,CI1,"Smith,Tyler",Uptime,true,,,4,15
1203,Development,DEV23,"Saheel,Smith,Tyler",Uptime,false,,,5,23
1204,Site Reliabilty,SR1,"Vinay,Smith,Tyler",Uptime,true,,,6,20
1205,RocketOS,ROS1,"Saheel,Harvey,Mike,Donna,Rachel",Operating System,true,,,1,24
1206,Site Reliabilty,SR1,"John,Smith,Tyler",Uptime,true,,,3,14
1207,Cloud Infra,CI1,"Smith,Tyler",Uptime,true,,,4,15
1208,Development,DEV23,"Saheel,Smith,Tyler",Uptime,false,,,5,23
1209,Site Reliabilty,SR1,"Vinay,Smith,Tyler",Uptime,true,,,6,20
1210,RocketOS,ROS1,"Saheel,Harvey,Mike,Donna,Rachel",Operating System,true,,,1,24
1211,Cloud Infra,CI1,"Smith,Tyler",Uptime,true,,,4,15
1212,Development,DEV23,"Saheel,Smith,Tyler",Uptime,false,,,5,23
1213,Site Reliabilty,SR1,"Vinay,Smith,Tyler",Uptime,true,,,6,20
1214,RocketOS,ROS1,"Saheel,Harvey,Mike,Donna,Rachel",Operating System,true,,,1,24
1215,Site Reliabilty,SR1,"John,Smith,Tyler",Uptime,true,,,3,14
1216,Cloud Infra,CI1,"Smith,Tyler",Uptime,true,,,4,15
1217,Development,DEV23,"Saheel,Smith,Tyler",Uptime,false,,,5,23
1218,Site Reliabilty,SR1,"Vinay,Smith,Tyler",Uptime,true,,,6,20
1219,RocketOS,ROS1,"Saheel,Harvey,Mike,Donna,Rachel",Operating System,true,,,1,24
1220,Site Reliabilty,SR1,"John,Smith,Tyler",Uptime,true,,,3,14
1221,Cloud Infra,CI1,"Smith,Tyler",Uptime,true,,,4,15
1222,Development,DEV23,"Saheel,Smith,Tyler",Uptime,false,,,5,23
1223,Site Reliabilty,SR1,"Vinay,Smith,Tyler",Uptime,true,,,6,20
1224,RocketOS,ROS1,"Saheel,Harvey,Mike,Donna,Rachel",Operating System,true,,,1,24
1225,Site Reliabilty,SR1,"John,Smith,Tyler",Uptime,true,,,3,14
1226,Cloud Infra,CI1,"Smith,Tyler",Uptime,true,,,4,15
1227,Development,DEV23,"Saheel,Smith,Tyler",Uptime,false,,,5,23
1228,Site Reliabilty,SR1,"Vinay,Smith,Tyler",Uptime,true,,,6,20
1229,RocketOS,ROS1,"Saheel,Harvey,Mike,Donna,Rachel",Operating System,true,,,1,24
1230,Site Reliabilty,SR1,"John,Smith,Tyler",Uptime,true,,,3,14
1231,Cloud Infra,CI1,"Smith,Tyler",Uptime,true,,,4,15
1232,Development,DEV23,"Saheel,Smith,Tyler",Uptime,false,,,5,23
1233,Site Reliabilty,SR1,"Vinay,Smith,Tyler",Uptime,true,,,6,20
1234,RocketOS,ROS1,"Saheel,Harvey,Mike,Donna,Rachel",Operating System,true,,,1,24
1235,Site Reliabilty,SR1,"John,Smith,Tyler",Uptime,true,,,3,14
1236,Cloud Infra,CI1,"Smith,Tyler",Uptime,true,,,4,15
1237,Development,DEV23,"Saheel,Smith,Tyler",Uptime,false,,,5,23
1238,Site Reliabilty,SR1,"Vinay,Smith,Tyler",Uptime,true,,,6,20
1239,RocketOS,ROS1,"Saheel,Harvey,Mike,Donna,Rachel",Operating System,true,,,1,24
1240,Site Reliabilty,SR1,"John,Smith,Tyler",Uptime,true,,,3,14
1241,Cloud Infra,CI1,"Smith,Tyler",Uptime,true,,,4,15
1242,Development,DEV23,"Saheel,Smith,Tyler",Uptime,false,,,5,23
1243,Site Reliabilty,SR1,"Vinay,Smith,Tyler",Uptime,true,,,6,20
1244,RocketOS,ROS1,"Saheel,Harvey,Mike,Donna,Rachel",Operating System,true,,,1,24
1245,Site Reliabilty,SR1,"John,Smith,Tyler",Uptime,true,,,3,14
1246,Cloud Infra,CI1,"Smith,Tyler",Uptime,true,,,4,15
1247,Development,DEV23,"Saheel,Smith,Tyler",Uptime,false,,,5,23
1248,Site Reliabilty,SR1,"Vinay,Smith,Tyler",Uptime,true,,,6,20
1249,RocketOS,ROS1,"Saheel,Harvey,Mike,Donna,Rachel",Operating System,true,,,1,24
1250,Cloud Infra,CI1,"Smith,Tyler",Uptime,true,,,4,15
1251,Development,DEV23,"Saheel,Smith,Tyler",Uptime,false,,,5,23
1252,Site Reliabilty,SR1,"Vinay,Smith,Tyler",Uptime,true,,,6,20
1253,RocketOS,ROS1,"Saheel,Harvey,Mike,Donna,Rachel",Operating System,true,,,1,24
1254,Site Reliabilty,SR1,"John,Smith,Tyler",Uptime,true,,,3,14
1255,Cloud Infra,CI1,"Smith,Tyler",Uptime,true,,,4,15
1256,Development,DEV23,"Saheel,Smith,Tyler",Uptime,false,,,5,23
1257,Site Reliabilty,SR1,"Vinay,Smith,Tyler",Uptime,true,,,6,20
1258,RocketOS,ROS1,"Saheel,Harvey,Mike,Donna,Rachel",Operating System,true,,,1,24
1259,Site Reliabilty,SR1,"John,Smith,Tyler",Uptime,true,,,3,14
1260,Cloud Infra,CI1,"Smith,Tyler",Uptime,true,,,4,15
1261,Development,DEV23,"Saheel,Smith,Tyler",Uptime,false,,,5,23
1262,Site Reliabilty,SR1,"Vinay,Smith,Tyler",Uptime,true,,,6,20
1263,RocketOS,ROS1,"Saheel,Harvey,Mike,Donna,Rachel",Operating System,true,,,1,24
1264,Site Reliabilty,SR1,"John,Smith,Tyler",Uptime,true,,,3,14
1265,Cloud Infra,CI1,"Smith,Tyler",Uptime,true,,,4,15
1266,Development,DEV23,"Saheel,Smith,Tyler",Uptime,false,,,5,23
1267,Site Reliabilty,SR1,"Vinay,Smith,Tyler",Uptime,true,,,6,20
1268,RocketOS,ROS1,"Saheel,Harvey,Mike,Donna,Rachel",Operating System,true,,,1,24
1269,Cloud Infra,CI1,"Smith,Tyler",Uptime,true,,,4,15
1270,Development,DEV23,"Saheel,Smith,Tyler",Uptime,false,,,5,23
1271,Site Reliabilty,SR1,"Vinay,Smith,Tyler",Uptime,true,,,6,20
1272,RocketOS,ROS1,"Saheel,Harvey,Mike,Donna,Rachel",Operating System,true,,,1,24
1273,Site Reliabilty,SR1,"John,Smith,Tyler",Uptime,true,,,3,14
1274,Cloud Infra,CI1,"Smith,Tyler",Uptime,true,,,4,15
1275,Development,DEV23,"Saheel,Smith,Tyler",Uptime,false,,,5,23
1276,Site Reliabilty,SR1,"Vinay,Smith,Tyler",Uptime,true,,,6,20
1277,RocketOS,ROS1,"Saheel,Harvey,Mike,Donna,Rachel",Operating System,true,,,1,24
1278,Site Reliabilty,SR1,"John,Smith,Tyler",Uptime,true,,,3,14
1279,Cloud Infra,CI1,"Smith,Tyler",Uptime,true,,,4,15
1280,Development,DEV23,"Saheel,Smith,Tyler",Uptime,false,,,5,23
1281,Site Reliabilty,SR1,"Vinay,Smith,Tyler",Uptime,true,,,6,20
1282,RocketOS,ROS1,"Saheel,Harvey,Mike,Donna,Rachel",Operating System,true,,,1,24
1283,Site Reliabilty,SR1,"John,Smith,Tyler",Uptime,true,,,3,14
1284,Cloud Infra,CI1,"Smith,Tyler",Uptime,true,,,4,15
1285,Development,DEV23,"Saheel,Smith,Tyler",Uptime,false,,,5,23
1286,Site Reliabilty,SR1,"Vinay,Smith,Tyler",Uptime,true,,,6,20
1287,RocketOS,ROS1,"Saheel,Harvey,Mike,Donna,Rachel",Operating System,true,,,1,24
1288,Site Reliabilty,SR1,"John,Smith,Tyler",Uptime,true,,,3,14
1289,Cloud Infra,CI1,"Smith,Tyler",Uptime,true,,,4,15
1290,Development,DEV23,"Saheel,Smith,Tyler",Uptime,false,,,5,23
1291,Site Reliabilty,SR1,"Vinay,Smith,Tyler",Uptime,true,,,6,20
1292,RocketOS,ROS1,"Saheel,Harvey,Mike,Donna,Rachel",Operating System,true,,,1,24
1293,Site Reliabilty,SR1,"John,Smith,Tyler",Uptime,true,,,3,14
1294,Cloud Infra,CI1,"Smith,Tyler",Uptime,true,,,4,15
1295,Development,DEV23,"Saheel,Smith,Tyler",Uptime,false,,,5,23
1296,Site Reliabilty,SR1,"Vinay,Smith,Tyler",Uptime,true,,,6,20
1297,RocketOS,ROS1,"Saheel,Harvey,Mike,Donna,Rachel",Operating System,true,,,1,24
1298,Site Reliabilty,SR1,"John,Smith,Tyler",Uptime,true,,,3,14
1299,Cloud Infra,CI1,"Smith,Tyler",Uptime,true,,,4,15
1300,Development,DEV23,"Saheel,Smith,Tyler",Uptime,false,,,5,23
1301,Site Reliabilty,SR1,"Vinay,Smith,Tyler",Uptime,true,,,6,20
1302,RocketOS,ROS1,"Saheel,Harvey,Mike,Donna,Rachel",Operating System,true,,,1,24
1303,Site Reliabilty,SR1,"John,Smith,Tyler",Uptime,true,,,3,14
1304,Cloud Infra,CI1,"Smith,Tyler",Uptime,true,,,4,15
1305,Development,DEV23,"Saheel,Smith,Tyler",Uptime,false,,,5,23
1306,Site Reliabilty,SR1,"Vinay,Smith,Tyler",Uptime,true,,,6,20
1307,RocketOS,ROS1,"Saheel,Harvey,Mike,Donna,Rachel",Operating System,true,,,1,24
1308,Cloud Infra,CI1,"Smith,Tyler",Uptime,true,,,4,15
1309,Development,DEV23,"Saheel,Smith,Tyler",Uptime,false,,,5,23
1310,Site Reliabilty,SR1,"Vinay,Smith,Tyler",Uptime,true,,,6,20
1311,RocketOS,ROS1,"Saheel,Harvey,Mike,Donna,Rachel",Operating System,true,,,1,24
1312,Site Reliabilty,SR1,"John,Smith,Tyler",Uptime,true,,,3,14
1313,Cloud Infra,CI1,"Smith,Tyler",Uptime,true,,,4,15
1314,Development,DEV23,"Saheel,Smith,Tyler",Uptime,false,,,5,23
1315,Site Reliabilty,SR1,"Vinay,Smith,Tyler",Uptime,true,,,6,20
1316,RocketOS,ROS1,"Saheel,Harvey,Mike,Donna,Rachel",Operating System,true,,,1,24
1317,Site Reliabilty,SR1,"John,Smith,Tyler",Uptime,true,,,3,14
1318,Cloud Infra,CI1,"Smith,Tyler",Uptime,true,,,4,15
1319,Development,DEV23,"Saheel,Smith,Tyler",Uptime,false,,,5,23
1320,Site Reliabilty,SR1,"Vinay,Smith,Tyler",Uptime,true,,,6,20
1321,RocketOS,ROS1,"Saheel,Harvey,Mike,Donna,Rachel",Operating System,true,,,1,24
1322,Site Reliabilty,SR1,"John,Smith,Tyler",Uptime,true,,,3,14
1323,Cloud Infra,CI1,"Smith,Tyler",Uptime,true,,,4,15
1324,Development,DEV23,"Saheel,Smith,Tyler",Uptime,false,,,5,23
1325,Site Reliabilty,SR1,"Vinay,Smith,Tyler",Uptime,true,,,6,20
1326,RocketOS,ROS1,"Saheel,Harvey,Mike,Donna,Rachel",Operating System,true,,,1,24
1327,Cloud Infra,CI1,"Smith,Tyler",Uptime,true,,,4,15
1328,Development,DEV23,"Saheel,Smith,Tyler",Uptime,false,,,5,23
1329,Site Reliabilty,SR1,"Vinay,Smith,Tyler",Uptime,true,,,6,20
1330,RocketOS,ROS1,"Saheel,Harvey,Mike,Donna,Rachel",Operating System,true,,,1,24
1331,Site Reliabilty,SR1,"John,Smith,Tyler",Uptime,true,,,3,14
1332,Cloud Infra,CI1,"Smith,Tyler",Uptime,true,,,4,15
1333,Development,DEV23,"Saheel,Smith,Tyler",Uptime,false,,,5,23
1334,Site Reliabilty,SR1,"Vinay,Smith,Tyler",Uptime,true,,,6,20
1335,RocketOS,ROS1,"Saheel,Harvey,Mike,Donna,Rachel",Operating System,true,,,1,24
1336,Site Reliabilty,SR1,"John,Smith,Tyler",Uptime,true,,,3,14
1337,Cloud Infra,CI1,"Smith,Tyler",Uptime,true,,,4,15
1338,Development,DEV23,"Saheel,Smith,Tyler",Uptime,false,,,5,23
1339,Site Reliabilty,SR1,"Vinay,Smith,Tyler",Uptime,true,,,6,20
1340,RocketOS,ROS1,"Saheel,Harvey,Mike,Donna,Rachel",Operating System,true,,,1,24
1341,Site Reliabilty,SR1,"John,Smith,Tyler",Uptime,true,,,3,14
1342,Cloud Infra,CI1,"Smith,Tyler",Uptime,true,,,4,15
1343,Development,DEV23,"Saheel,Smith,Tyler",Uptime,false,,,5,23
1344,Site Reliabilty,SR1,"Vinay,Smith,Tyler",Uptime,true,,,6,20
1345,RocketOS,ROS1,"Saheel,Harvey,Mike,Donna,Rachel",Operating System,true,,,1,24
1346,Site Reliabilty,SR1,"John,Smith,Tyler",Uptime,true,,,3,14
1347,Cloud Infra,CI1,"Smith,Tyler",Uptime,true,,,4,15
1348,Development,DEV23,"Saheel,Smith,Tyler",Uptime,false,,,5,23
1349,Site Reliabilty,SR1,"Vinay,Smith,Tyler",Uptime,true,,,6,20
1350,RocketOS,ROS1,"Saheel,Harvey,Mike,Donna,Rachel",Operating System,true,,,1,24
1351,Site Reliabilty,SR1,"John,Smith,Tyler",Uptime,true,,,3,14
1352,Cloud Infra,CI1,"Smith,Tyler",Uptime,true,,,4,15
1353,Development,DEV23,"Saheel,Smith,Tyler",Uptime,false,,,5,23
1354,Site Reliabilty,SR1,"Vinay,Smith,Tyler",Uptime,true,,,6,20
1355,RocketOS,ROS1,"Saheel,Harvey,Mike,Donna,Rachel",Operating System,true,,,1,24
1356,Site Reliabilty,SR1,"John,Smith,Tyler",Uptime,true,,,3,14
1357,Cloud Infra,CI1,"Smith,Tyler",Uptime,true,,,4,15
1358,Development,DEV23,"Saheel,Smith,Tyler",Uptime,false,,,5,23
1359,Site Reliabilty,SR1,"Vinay,Smith,Tyler",Uptime,true,,,6,20
1360,RocketOS,ROS1,"Saheel,Harvey,Mike,Donna,Rachel",Operating System,true,,,1,24
1361,Site Reliabilty,SR1,"John,Smith,Tyler",Uptime,true,,,3,14
1362,Cloud Infra,CI1,"Smith,Tyler",Uptime,true,,,4,15
1363,Development,DEV23,"Saheel,Smith,Tyler",Uptime,false,,,5,23
1364,Site Reliabilty,SR1,"Vinay,Smith,Tyler",Uptime,true,,,6,20
1365,RocketOS,ROS1,"Saheel,Harvey,Mike,Donna,Rachel",Operating System,true,,,1,24
1366,Cloud Infra,CI1,"Smith,Tyler",Uptime,true,,,4,15
1367,Development,DEV23,"Saheel,Smith,Tyler",Uptime,false,,,5,23
1368,Site Reliabilty,SR1,"Vinay,Smith,Tyler",Uptime,true,,,6,20
1369,RocketOS,ROS1,"Saheel,Harvey,Mike,Donna,Rachel",Operating System,true,,,1,24
1370,Site Reliabilty,SR1,"John,Smith,Tyler",Uptime,true,,,3,14
1371,Cloud Infra,CI1,"Smith,Tyler",Uptime,true,,,4,15
1372,Development,DEV23,"Saheel,Smith,Tyler",Uptime,false,,,5,23
1373,Site Reliabilty,SR1,"Vinay,Smith,Tyler",Uptime,true,,,6,20
1374,RocketOS,ROS1,"Saheel,Harvey,Mike,Donna,Rachel",Operating System,true,,,1,24
1375,Site Reliabilty,SR1,"John,Smith,Tyler",Uptime,true,,,3,14
1376,Cloud Infra,CI1,"Smith,Tyler",Uptime,true,,,4,15
1377,Development,DEV23,"Saheel,Smith,Tyler",Uptime,false,,,5,23
1378,Site Reliabilty,SR1,"Vinay,Smith,Tyler",Uptime,true,,,6,20
1379,RocketOS,ROS1,"Saheel,Harvey,Mike,Donna,Rachel",Operating System,true,,,1,24
1380,Site Reliabilty,SR1,"John,Smith,Tyler",Uptime,true,,,3,14
1381,Cloud Infra,CI1,"Smith,Tyler",Uptime,true,,,4,15
1382,Development,DEV23,"Saheel,Smith,Tyler",Uptime,false,,,5,23
1383,Site Reliabilty,SR1,"Vinay,Smith,Tyler",Uptime,true,,,6,20
1384,RocketOS,ROS1,"Saheel,Harvey,Mike,Donna,Rachel",Operating System,true,,,1,24
1385,Cloud Infra,CI1,"Smith,Tyler",Uptime,true,,,4,15
1386,Development,DEV23,"Saheel,Smith,Tyler",Uptime,false,,,5,23
1387,Site Reliabilty,SR1,"Vinay,Smith,Tyler",Uptime,true,,,6,20
1388,RocketOS,ROS1,"Saheel,Harvey,Mike,Donna,Rachel",Operating System,true,,,1,24
1389,Site Reliabilty,SR1,"John,Smith,Tyler",Uptime,true,,,3,14
1390,Cloud Infra,CI1,"Smith,Tyler",Uptime,true,,,4,15
1391,Development,DEV23,"Saheel,Smith,Tyler",Uptime,false,,,5,23
1392,Site Reliabilty,SR1,"Vinay,Smith,Tyler",Uptime,true,,,6,20
1393,RocketOS,ROS1,"Saheel,Harvey,Mike,Donna,Rachel",Operating System,true,,,1,24
1394,Site Reliabilty,SR1,"John,Smith,Tyler",Uptime,true,,,3,14
1395,Cloud Infra,CI1,"Smith,Tyler",Uptime,true,,,4,15
1396,Development,DEV23,"Saheel,Smith,Tyler",Uptime,false,,,5,23
1397,Site Reliabilty,SR1,"Vinay,Smith,Tyler",Uptime,true,,,6,20
1398,RocketOS,ROS1,"Saheel,Harvey,Mike,Donna,Rachel",Operating System,true,,,1,24
1399,Site Reliabilty,SR1,"John,Smith,Tyler",Uptime,true,,,3,14
1400,Cloud Infra,CI1,"Smith,Tyler",Uptime,true,,,4,15
1401,Development,DEV23,"Saheel,Smith,Tyler",Uptime,false,,,5,23
1402,Site Reliabilty,SR1,"Vinay,Smith,Tyler",Uptime,true,,,6,20
1403,RocketOS,ROS1,"Saheel,Harvey,Mike,Donna,Rachel",Operating System,true,,,1,24
1404,Site Reliabilty,SR1,"John,Smith,Tyler",Uptime,true,,,3,14
1405,Cloud Infra,CI1,"Smith,Tyler",Uptime,true,,,4,15
1406,Development,DEV23,"Saheel,Smith,Tyler",Uptime,false,,,5,23
1407,Site Reliabilty,SR1,"Vinay,Smith,Tyler",Uptime,true,,,6,20
1408,RocketOS,ROS1,"Saheel,Harvey,Mike,Donna,Rachel",Operating System,true,,,1,24
1409,Site Reliabilty,SR1,"John,Smith,Tyler",Uptime,true,,,3,14
1410,Cloud Infra,CI1,"Smith,Tyler",Uptime,true,,,4,15
1411,Development,DEV23,"Saheel,Smith,Tyler",Uptime,false,,,5,23
1412,Site Reliabilty,SR1,"Vinay,Smith,Tyler",Uptime,true,,,6,20
1413,RocketOS,ROS1,"Saheel,Harvey,Mike,Donna,Rachel",Operating System,true,,,1,24
1414,Site Reliabilty,SR1,"John,Smith,Tyler",Uptime,true,,,3,14
1415,Cloud Infra,CI1,"Smith,Tyler",Uptime,true,,,4,15
1416,Development,DEV23,"Saheel,Smith,Tyler",Uptime,false,,,5,23
1417,Site Reliabilty,SR1,"Vinay,Smith,Tyler",Uptime,true,,,6,20
1418,RocketOS,ROS1,"Saheel,Harvey,Mike,Donna,Rachel",Operating System,true,,,1,24
1419,Site Reliabilty,SR1,"John,Smith,Tyler",Uptime,true,,,3,14
1420,Cloud Infra,CI1,"Smith,Tyler",Uptime,true,,,4,15
1421,Development,DEV23,"Saheel,Smith,Tyler",Uptime,false,,,5,23
1422,Site Reliabilty,SR1,"Vinay,Smith,Tyler",Uptime,true,,,6,20
1423,RocketOS,ROS1,"Saheel,Harvey,Mike,Donna,Rachel",Operating System,true,,,1,24
1424,Cloud Infra,CI1,"Smith,Tyler",Uptime,true,,,4,15
1425,Development,DEV23,"Saheel,Smith,Tyler",Uptime,false,,,5,23
1426,Site Reliabilty,SR1,"Vinay,Smith,Tyler",Uptime,true,,,6,20
1427,RocketOS,ROS1,"Saheel,Harvey,Mike,Donna,Rachel",Operating System,true,,,1,24
1428,Site Reliabilty,SR1,"John,Smith,Tyler",Uptime,true,,,3,14
1429,Cloud Infra,CI1,"Smith,Tyler",Uptime,true,,,4,15
1430,Development,DEV23,"Saheel,Smith,Tyler",Uptime,false,,,5,23
1431,Site Reliabilty,SR1,"Vinay,Smith,Tyler",Uptime,true,,,6,20
1432,RocketOS,ROS1,"Saheel,Harvey,Mike,Donna,Rachel",Operating System,true,,,1,24
1433,Site Reliabilty,SR1,"John,Smith,Tyler",Uptime,true,,,3,14
1434,Cloud Infra,CI1,"Smith,Tyler",Uptime,true,,,4,15
1435,Development,DEV23,"Saheel,Smith,Tyler",Uptime,false,,,5,23
1436,Site Reliabilty,SR1,"Vinay,Smith,Tyler",Uptime,true,,,6,20
1437,RocketOS,ROS1,"Saheel,Harvey,Mike,Donna,Rachel",Operating System,true,,,1,24
1438,Site Reliabilty,SR1,"John,Smith,Tyler",Uptime,true,,,3,14
1439,Cloud Infra,CI1,"Smith,Tyler",Uptime,true,,,4,15
1440,Development,DEV23,"Saheel,Smith,Tyler",Uptime,false,,,5,23
1441,Site Reliabilty,SR1,"Vinay,Smith,Tyler",Uptime,true,,,6,20
1442,RocketOS,ROS1,"Saheel,Harvey,Mike,Donna,Rachel",Operating System,true,,,1,24
1443,Cloud Infra,CI1,"Smith,Tyler",Uptime,true,,,4,15
1444,Development,DEV23,"Saheel,Smith,Tyler",Uptime,false,,,5,23
1445,Site Reliabilty,SR1,"Vinay,Smith,Tyler",Uptime,true,,,6,20
1446,RocketOS,ROS1,"Saheel,Harvey,Mike,Donna,Rachel",Operating System,true,,,1,24
1447,Site Reliabilty,SR1,"John,Smith,Tyler",Uptime,true,,,3,14
1448,Cloud Infra,CI1,"Smith,Tyler",Uptime,true,,,4,15
1449,Development,DEV23,"Saheel,Smith,Tyler",Uptime,false,,,5,23
1450,Site Reliabilty,SR1,"Vinay,Smith,Tyler",Uptime,true,,,6,20
1451,RocketOS,ROS1,"Saheel,Harvey,Mike,Donna,Rachel",Operating System,true,,,1,24
1452,Site Reliabilty,SR1,"John,Smith,Tyler",Uptime,true,,,3,14
1453,Cloud Infra,CI1,"Smith,Tyler",Uptime,true,,,4,15
1454,Development,DEV23,"Saheel,Smith,Tyler",Uptime,false,,,5,23
1455,Site Reliabilty,SR1,"Vinay,Smith,Tyler",Uptime,true,,,6,20
1456,RocketOS,ROS1,"Saheel,Harvey,Mike,Donna,Rachel",Operating System,true,,,1,24
1457,Site Reliabilty,SR1,"John,Smith,Tyler",Uptime,true,,,3,14
1458,Cloud Infra,CI1,"Smith,Tyler",Uptime,true,,,4,15
1459,Development,DEV23,"Saheel,Smith,Tyler",Uptime,false,,,5,23
1460,Site Reliabilty,SR1,"Vinay,Smith,Tyler",Uptime,true,,,6,20
1461,RocketOS,ROS1,"Saheel,Harvey,Mike,Donna,Rachel",Operating System,true,,,1,24
1462,Site Reliabilty,SR1,"John,Smith,Tyler",Uptime,true,,,3,14
1463,Cloud Infra,CI1,"Smith,Tyler",Uptime,true,,,4,15
1464,Development,DEV23,"Saheel,Smith,Tyler",Uptime,false,,,5,23
1465,Site Reliabilty,SR1,"Vinay,Smith,Tyler",Uptime,true,,,6,20
1466,RocketOS,ROS1,"Saheel,Harvey,Mike,Donna,Rachel",Operating System,true,,,1,24
1467,Site Reliabilty,SR1,"John,Smith,Tyler",Uptime,true,,,3,14
1468,Cloud Infra,CI1,"Smith,Tyler",Uptime,true,,,4,15
1469,Development,DEV23,"Saheel,Smith,Tyler",Uptime,false,,,5,23
1470,Site Reliabilty,SR1,"Vinay,Smith,Tyler",Uptime,true,,,6,20
1471,RocketOS,ROS1,"Saheel,Harvey,Mike,Donna,Rachel",Operating System,true,,,1,24
1472,Site Reliabilty,SR1,"John,Smith,Tyler",Uptime,true,,,3,14
1473,Cloud Infra,CI1,"Smith,Tyler",Uptime,true,,,4,15
1474,Development,DEV23,"Saheel,Smith,Tyler",Uptime,false,,,5,23
1475,Site Reliabilty,SR1,"Vinay,Smith,Tyler",Uptime,true,,,6,20
1476,RocketOS,ROS1,"Saheel,Harvey,Mike,Donna,Rachel",Operating System,true,,,1,24
1477,Site Reliabilty,SR1,"John,Smith,Tyler",Uptime,true,,,3,14
1478,Cloud Infra,CI1,"Smith,Tyler",Uptime,true,,,4,15
1479,Development,DEV23,"Saheel,Smith,Tyler",Uptime,false,,,5,23
1480,Site Reliabilty,SR1,"Vinay,Smith,Tyler",Uptime,true,,,6,20
1481,RocketOS,ROS1,"Saheel,Harvey,Mike,Donna,Rachel",Operating System,true,,,1,24
1482,Cloud Infra,CI1,"Smith,Tyler",Uptime,true,,,4,15
1483,Development,DEV23,"Saheel,Smith,Tyler",Uptime,false,,,5,23
1484,Site Reliabilty,SR1,"Vinay,Smith,Tyler",Uptime,true,,,6,20
1485,RocketOS,ROS1,"Saheel,Harvey,Mike,Donna,Rachel",Operating System,true,,,1,24
1486,Site Reliabilty,SR1,"John,Smith,Tyler",Uptime,true,,,3,14
1487,Cloud Infra,CI1,"Smith,Tyler",Uptime,true,,,4,15
1488,Development,DEV23,"Saheel,Smith,Tyler",Uptime,false,,,5,23
1489,Site Reliabilty,SR1,"Vinay,Smith,Tyler",Uptime,true,,,6,20
1490,RocketOS,ROS1,"Saheel,Harvey,Mike,Donna,Rachel",Operating System,true,,,1,24
1491,Site Reliabilty,SR1,"John,Smith,Tyler",Uptime,true,,,3,14
1492,Cloud Infra,CI1,"Smith,Tyler",Uptime,true,,,4,15
1493,Development,DEV23,"Saheel,Smith,Tyler",Uptime,false,,,5,23
1494,Site Reliabilty,SR1,"Vinay,Smith,Tyler",Uptime,true,,,6,20
1495,RocketOS,ROS1,"Saheel,Harvey,Mike,Donna,Rachel",Operating System,true,,,1,24
1496,Site Reliabilty,SR1,"John,Smith,Tyler",Uptime,true,,,3,14
1497,Cloud Infra,CI1,"Smith,Tyler",Uptime,true,,,4,15
1498,Development,DEV23,"Saheel,Smith,Tyler",Uptime,false,,,5,23
1499,Site Reliabilty,SR1,"Vinay,Smith,Tyler",Uptime,true,,,6,20
1500,RocketOS,ROS1,"Saheel,Harvey,Mike,Donna,Rachel",Operating System,true,,,1,24
1501,Cloud Infra,CI1,"Smith,Tyler",Uptime,true,,,4,15
1502,Development,DEV23,"Saheel,Smith,Tyler",Uptime,false,,,5,23
1503,Site Reliabilty,SR1,"Vinay,Smith,Tyler",Uptime,true,,,6,20
1504,RocketOS,ROS1,"Saheel,Harvey,Mike,Donna,Rachel",Operating System,true,,,1,24
1505,Site Reliabilty,SR1,"John,Smith,Tyler",Uptime,true,,,3,14
1506,Cloud Infra,CI1,"Smith,Tyler",Uptime,true,,,4,15
1507,Development,DEV23,"Saheel,Smith,Tyler",Uptime,false,,,5,23
1508,Site Reliabilty,SR1,"Vinay,Smith,Tyler",Uptime,true,,,6,20
1509,RocketOS,ROS1,"Saheel,Harvey,Mike,Donna,Rachel",Operating System,true,,,1,24
1510,Site Reliabilty,SR1,"John,Smith,Tyler",Uptime,true,,,3,14
1511,Cloud Infra,CI1,"Smith,Tyler",Uptime,true,,,4,15
1512,Development,DEV23,"Saheel,Smith,Tyler",Uptime,false,,,5,23
1513,Site Reliabilty,SR1,"Vinay,Smith,Tyler",Uptime,true,,,6,20
1514,RocketOS,ROS1,"Saheel,Harvey,Mike,Donna,Rachel",Operating System,true,,,1,24
1515,Site Reliabilty,SR1,"John,Smith,Tyler",Uptime,true,,,3,14
1516,Cloud Infra,CI1,"Smith,Tyler",Uptime,true,,,4,15
1517,Development,DEV23,"Saheel,Smith,Tyler",Uptime,false,,,5,23
1518,Site Reliabilty,SR1,"Vinay,Smith,Tyler",Uptime,true,,,6,20
1519,RocketOS,ROS1,"Saheel,Harvey,Mike,Donna,Rachel",Operating System,true,,,1,24
1520,Site Reliabilty,SR1,"John,Smith,Tyler",Uptime,true,,,3,14
1521,Cloud Infra,CI1,"Smith,Tyler",Uptime,true,,,4,15
1522,Development,DEV23,"Saheel,Smith,Tyler",Uptime,false,,,5,23
1523,Site Reliabilty,SR1,"Vinay,Smith,Tyler",Uptime,true,,,6,20
1524,RocketOS,ROS1,"Saheel,Harvey,Mike,Donna,Rachel",Operating System,true,,,1,24
1525,Site Reliabilty,SR1,"John,Smith,Tyler",Uptime,true,,,3,14
1526,Cloud Infra,CI1,"Smith,Tyler",Uptime,true,,,4,15
1527,Development,DEV23,"Saheel,Smith,Tyler",Uptime,false,,,5,23
1528,Site Reliabilty,SR1,"Vinay,Smith,Tyler",Uptime,true,,,6,20
1529,RocketOS,ROS1,"Saheel,Harvey,Mike,Donna,Rachel",Operating System,true,,,1,24
1530,Site Reliabilty,SR1,"John,Smith,Tyler",Uptime,true,,,3,14
1531,Cloud Infra,CI1,"Smith,Tyler",Uptime,true,,,4,15
1532,Development,DEV23,"Saheel,Smith,Tyler",Uptime,false,,,5,23
1533,Site Reliabilty,SR1,"Vinay,Smith,Tyler",Uptime,true,,,6,20
1534,RocketOS,ROS1,"Saheel,Harvey,Mike,Donna,Rachel",Operating System,true,,,1,24
1535,Site Reliabilty,SR1,"John,Smith,Tyler",Uptime,true,,,3,14
1536,Cloud Infra,CI1,"Smith,Tyler",Uptime,true,,,4,15
1537,Development,DEV23,"Saheel,Smith,Tyler",Uptime,false,,,5,23
1538,Site Reliabilty,SR1,"Vinay,Smith,Tyler",Uptime,true,,,6,20
1539,RocketOS,ROS1,"Saheel,Harvey,Mike,Donna,Rachel",Operating System,true,,,1,24
1540,Cloud Infra,CI1,"Smith,Tyler",Uptime,true,,,4,15
1541,Development,DEV23,"Saheel,Smith,Tyler",Uptime,false,,,5,23
1542,Site Reliabilty,SR1,"Vinay,Smith,Tyler",Uptime,true,,,6,20
1543,RocketOS,ROS1,"Saheel,Harvey,Mike,Donna,Rachel",Operating System,true,,,1,24
1544,Site Reliabilty,SR1,"John,Smith,Tyler",Uptime,true,,,3,14
1545,Cloud Infra,CI1,"Smith,Tyler",Uptime,true,,,4,15
1546,Development,DEV23,"Saheel,Smith,Tyler",Uptime,false,,,5,23
1547,Site Reliabilty,SR1,"Vinay,Smith,Tyler",Uptime,true,,,6,20
1548,RocketOS,ROS1,"Saheel,Harvey,Mike,Donna,Rachel",Operating System,true,,,1,24
1549,Site Reliabilty,SR1,"John,Smith,Tyler",Uptime,true,,,3,14
1550,Cloud Infra,CI1,"Smith,Tyler",Uptime,true,,,4,15
1551,Development,DEV23,"Saheel,Smith,Tyler",Uptime,false,,,5,23
1552,Site Reliabilty,SR1,"Vinay,Smith,Tyler",Uptime,true,,,6,20
1553,RocketOS,ROS1,"Saheel,Harvey,Mike,Donna,Rachel",Operating System,true,,,1,24
1554,Site Reliabilty,SR1,"John,Smith,Tyler",Uptime,true,,,3,14
1555,Cloud Infra,CI1,"Smith,Tyler",Uptime,true,,,4,15
1556,Development,DEV23,"Saheel,Smith,Tyler",Uptime,false,,,5,23
1557,Site Reliabilty,SR1,"Vinay,Smith,Tyler",Uptime,true,,,6,20
1558,RocketOS,ROS1,"Saheel,Harvey,Mike,Donna,Rachel",Operating System,true,,,1,24
1559,Cloud Infra,CI1,"Smith,Tyler",Uptime,true,,,4,15
1560,Development,DEV23,"Saheel,Smith,Tyler",Uptime,false,,,5,23
1561,Site Reliabilty,SR1,"Vinay,Smith,Tyler",Uptime,true,,,6,20
1562,RocketOS,ROS1,"Saheel,Harvey,Mike,Donna,Rachel",Operating System,true,,,1,24
1563,Site Reliabilty,SR1,"John,Smith,Tyler",Uptime,true,,,3,14
1564,Cloud Infra,CI1,"Smith,Tyler",Uptime,true,,,4,15
1565,Development,DEV23,"Saheel,Smith,Tyler",Uptime,false,,,5,23
1566,Site Reliabilty,SR1,"Vinay,Smith,Tyler",Uptime,true,,,6,20
1567,RocketOS,ROS1,"Saheel,Harvey,Mike,Donna,Rachel",Operating System,true,,,1,24
1568,Site Reliabilty,SR1,"John,Smith,Tyler",Uptime,true,,,3,14
1569,Cloud Infra,CI1,"Smith,Tyler",Uptime,true,,,4,15
1570,Development,DEV23,"Saheel,Smith,Tyler",Uptime,false,,,5,23
1571,Site Reliabilty,SR1,"Vinay,Smith,Tyler",Uptime,true,,,6,20
1572,RocketOS,ROS1,"Saheel,Harvey,Mike,Donna,Rachel",Operating System,true,,,1,24
1573,Site Reliabilty,SR1,"John,Smith,Tyler",Uptime,true,,,3,14
1574,Cloud Infra,CI1,"Smith,Tyler",Uptime,true,,,4,15
1575,Development,DEV23,"Saheel,Smith,Tyler",Uptime,false,,,5,23
1576,Site Reliabilty,SR1,"Vinay,Smith,Tyler",Uptime,true,,,6,20
1577,RocketOS,ROS1,"Saheel,Harvey,Mike,Donna,Rachel",Operating System,true,,,1,24
1578,Site Reliabilty,SR1,"John,Smith,Tyler",Uptime,true,,,3,14
1579,Cloud Infra,CI1,"Smith,Tyler",Uptime,true,,,4,15
1580,Development,DEV23,"Saheel,Smith,Tyler",Uptime,false,,,5,23
1581,Site Reliabilty,SR1,"Vinay,Smith,Tyler",Uptime,true,,,6,20
1582,RocketOS,ROS1,"Saheel,Harvey,Mike,Donna,Rachel",Operating System,true,,,1,24
1583,Site Reliabilty,SR1,"John,Smith,Tyler",Uptime,true,,,3,14
1584,Cloud Infra,CI1,"Smith,Tyler",Uptime,true,,,4,15
1585,Development,DEV23,"Saheel,Smith,Tyler",Uptime,false,,,5,23
1586,Site Reliabilty,SR1,"Vinay,Smith,Tyler",Uptime,true,,,6,20
1587,RocketOS,ROS1,"Saheel,Harvey,Mike,Donna,Rachel",Operating System,true,,,1,24
1588,Site Reliabilty,SR1,"John,Smith,Tyler",Uptime,true,,,3,14
1589,Cloud Infra,CI1,"Smith,Tyler",Uptime,true,,,4,15
1590,Development,DEV23,"Saheel,Smith,Tyler",Uptime,false,,,5,23
1591,Site Reliabilty,SR1,"Vinay,Smith,Tyler",Uptime,true,,,6,20
1592,RocketOS,ROS1,"Saheel,Harvey,Mike,Donna,Rachel",Operating System,true,,,1,24
1593,Site Reliabilty,SR1,"John,Smith,Tyler",Uptime,true,,,3,14
1594,Cloud Infra,CI1,"Smith,Tyler",Uptime,true,,,4,15
1595,Development,DEV23,"Saheel,Smith,Tyler",Uptime,false,,,5,23
1596,Site Reliabilty,SR1,"Vinay,Smith,Tyler",Uptime,true,,,6,20
1597,RocketOS,ROS1,"Saheel,Harvey,Mike,Donna,Rachel",Operating System,true,,,1,24
1598,Cloud Infra,CI1,"Smith,Tyler",Uptime,true,,,4,15
1599,Development,DEV23,"Saheel,Smith,Tyler",Uptime,false,,,5,23
1600,Site Reliabilty,SR1,"Vinay,Smith,Tyler",Uptime,true,,,6,20
1601,RocketOS,ROS1,"Saheel,Harvey,Mike,Donna,Rachel",Operating System,true,,,1,24
1602,Site Reliabilty,SR1,"John,Smith,Tyler",Uptime,true,,,3,14
1603,Cloud Infra,CI1,"Smith,Tyler",Uptime,true,,,4,15
1604,Development,DEV23,"Saheel,Smith,Tyler",Uptime,false,,,5,23
1605,Site Reliabilty,SR1,"Vinay,Smith,Tyler",Uptime,true,,,6,20
1606,RocketOS,ROS1,"Saheel,Harvey,Mike,Donna,Rachel",Operating System,true,,,1,24
1607,Site Reliabilty,SR1,"John,Smith,Tyler",Uptime,true,,,3,14
1608,Cloud Infra,CI1,"Smith,Tyler",Uptime,true,,,4,15
1609,Development,DEV23,"Saheel,Smith,Tyler",Uptime,false,,,5,23
1610,Site Reliabilty,SR1,"Vinay,Smith,Tyler",Uptime,true,,,6,20
1611,RocketOS,ROS1,"Saheel,Harvey,Mike,Donna,Rachel",Operating System,true,,,1,24
1612,Site Reliabilty,SR1,"John,Smith,Tyler",Uptime,true,,,3,14
1613,Cloud Infra,CI1,"Smith,Tyler",Uptime,true,,,4,15
1614,Development,DEV23,"Saheel,Smith,Tyler",Uptime,false,,,5,23
1615,Site Reliabilty,SR1,"Vinay,Smith,Tyler",Uptime,true,,,6,20
1616,RocketOS,ROS1,"Saheel,Harvey,Mike,Donna,Rachel",Operating System,true,,,1,24
1617,Cloud Infra,CI1,"Smith,Tyler",Uptime,true,,,4,15
1618,Development,DEV23,"Saheel,Smith,Tyler",Uptime,false,,,5,23
1619,Site Reliabilty,SR1,"Vinay,Smith,Tyler",Uptime,true,,,6,20
1620,RocketOS,ROS1,"Saheel,Harvey,Mike,Donna,Rachel",Operating System,true,,,1,24
1621,Site Reliabilty,SR1,"John,Smith,Tyler",Uptime,true,,,3,14
1622,Cloud Infra,CI1,"Smith,Tyler",Uptime,true,,,4,15
1623,Development,DEV23,"Saheel,Smith,Tyler",Uptime,false,,,5,23
1624,Site Reliabilty,SR1,"Vinay,Smith,Tyler",Uptime,true,,,6,20
1625,RocketOS,ROS1,"Saheel,Harvey,Mike,Donna,Rachel",Operating System,true,,,1,24
1626,Site Reliabilty,SR1,"John,Smith,Tyler",Uptime,true,,,3,14
1627,Cloud Infra,CI1,"Smith,Tyler",Uptime,true,,,4,15
1628,Development,DEV23,"Saheel,Smith,Tyler",Uptime,false,,,5,23
1629,Site Reliabilty,SR1,"Vinay,Smith,Tyler",Uptime,true,,,6,20
1630,RocketOS,ROS1,"Saheel,Harvey,Mike,Donna,Rachel",Operating System,true,,,1,24
1631,Site Reliabilty,SR1,"John,Smith,Tyler",Uptime,true,,,3,14
1632,Cloud Infra,CI1,"Smith,Tyler",Uptime,true,,,4,15
1633,Development,DEV23,"Saheel,Smith,Tyler",Uptime,false,,,5,23
1634,Site Reliabilty,SR1,"Vinay,Smith,Tyler",Uptime,true,,,6,20
1635,RocketOS,ROS1,"Saheel,Harvey,Mike,Donna,Rachel",Operating System,true,,,1,24
1636,Site Reliabilty,SR1,"John,Smith,Tyler",Uptime,true,,,3,14
1637,Cloud Infra,CI1,"Smith,Tyler",Uptime,true,,,4,15
1638,Development,DEV23,"Saheel,Smith,Tyler",Uptime,false,,,5,23
1639,Site Reliabilty,SR1,"Vinay,Smith,Tyler",Uptime,true,,,6,20
1640,RocketOS,ROS1,"Saheel,Harvey,Mike,Donna,Rachel",Operating System,true,,,1,24
1641,Site Reliabilty,SR1,"John,Smith,Tyler",Uptime,true,,,3,14
1642,Cloud Infra,CI1,"Smith,Tyler",Uptime,true,,,4,15
1643,Development,DEV23,"Saheel,Smith,Tyler",Uptime,false,,,5,23
1644,Site Reliabilty,SR1,"Vinay,Smith,Tyler",Uptime,true,,,6,20
1645,RocketOS,ROS1,"Saheel,Harvey,Mike,Donna,Rachel",Operating System,true,,,1,24
1646,Site Reliabilty,SR1,"John,Smith,Tyler",Uptime,true,,,3,14
1647,Cloud Infra,CI1,"Smith,Tyler",Uptime,true,,,4,15
1648,Development,DEV23,"Saheel,Smith,Tyler",Uptime,false,,,5,23
1649,Site Reliabilty,SR1,"Vinay,Smith,Tyler",Uptime,true,,,6,20
1650,RocketOS,ROS1,"Saheel,Harvey,Mike,Donna,Rachel",Operating System,true,,,1,24
1651,Site Reliabilty,SR1,"John,Smith,Tyler",Uptime,true,,,3,14
1652,Cloud Infra,CI1,"Smith,Tyler",Uptime,true,,,4,15
1653,Development,DEV23,"Saheel,Smith,Tyler",Uptime,false,,,5,23
1654,Site Reliabilty,SR1,"Vinay,Smith,Tyler",Uptime,true,,,6,20
1655,RocketOS,ROS1,"Saheel,Harvey,Mike,Donna,Rachel",Operating System,true,,,1,24
1656,Cloud Infra,CI1,"Smith,Tyler",Uptime,true,,,4,15
1657,Development,DEV23,"Saheel,Smith,Tyler",Uptime,false,,,5,23
1658,Site Reliabilty,SR1,"Vinay,Smith,Tyler",Uptime,true,,,6,20
1659,RocketOS,ROS1,"Saheel,Harvey,Mike,Donna,Rachel",Operating System,true,,,1,24
1660,Site Reliabilty,SR1,"John,Smith,Tyler",Uptime,true,,,3,14
1661,Cloud Infra,CI1,"Smith,Tyler",Uptime,true,,,4,15
1662,Development,DEV23,"Saheel,Smith,Tyler",Uptime,false,,,5,23
1663,Site Reliabilty,SR1,"Vinay,Smith,Tyler",Uptime,true,,,6,20
1664,RocketOS,ROS1,"Saheel,Harvey,Mike,Donna,Rachel",Operating System,true,,,1,24
1665,Site Reliabilty,SR1,"John,Smith,Tyler",Uptime,true,,,3,14
1666,Cloud Infra,CI1,"Smith,Tyler",Uptime,true,,,4,15
1667,Development,DEV23,"Saheel,Smith,Tyler",Uptime,false,,,5,23
1668,Site Reliabilty,SR1,"Vinay,Smith,Tyler",Uptime,true,,,6,20
1669,RocketOS,ROS1,"Saheel,Harvey,Mike,Donna,Rachel",Operating System,true,,,1,24
1670,Site Reliabilty,SR1,"John,Smith,Tyler",Uptime,true,,,3,14
1671,Cloud Infra,CI1,"Smith,Tyler",Uptime,true,,,4,15
1672,Development,DEV23,"Saheel,Smith,Tyler",Uptime,false,,,5,23
1673,Site Reliabilty,SR1,"Vinay,Smith,Tyler",Uptime,true,,,6,20
1674,RocketOS,ROS1,"Saheel,Harvey,Mike,Donna,Rachel",Operating System,true,,,1,24
1675,Cloud Infra,CI1,"Smith,Tyler",Uptime,true,,,4,15
1676,Development,DEV23,"Saheel,Smith,Tyler",Uptime,false,,,5,23
1677,Site Reliabilty,SR1,"Vinay,Smith,Tyler",Uptime,true,,,6,20
1678,RocketOS,ROS1,"Saheel,Harvey,Mike,Donna,Rachel",Operating System,true,,,1,24
1679,Site Reliabilty,SR1,"John,Smith,Tyler",Uptime,true,,,3,14
1680,Cloud Infra,CI1,"Smith,Tyler",Uptime,true,,,4,15
1681,Development,DEV23,"Saheel,Smith,Tyler",Uptime,false,,,5,23
1682,Site Reliabilty,SR1,"Vinay,Smith,Tyler",Uptime,true,,,6,20
1683,RocketOS,ROS1,"Saheel,Harvey,Mike,Donna,Rachel",Operating System,true,,,1,24
1684,Site Reliabilty,SR1,"John,Smith,Tyler",Uptime,true,,,3,14
1685,Cloud Infra,CI1,"Smith,Tyler",Uptime,true,,,4,15
1686,Development,DEV23,"Saheel,Smith,Tyler",Uptime,false,,,5,23
1687,Site Reliabilty,SR1,"Vinay,Smith,Tyler",Uptime,true,,,6,20
1688,RocketOS,ROS1,"Saheel,Harvey,Mike,Donna,Rachel",Operating System,true,,,1,24
1689,Site Reliabilty,SR1,"John,Smith,Tyler",Uptime,true,,,3,14
1690,Cloud Infra,CI1,"Smith,Tyler",Uptime,true,,,4,15
1691,Development,DEV23,"Saheel,Smith,Tyler",Uptime,false,,,5,23
1692,Site Reliabilty,SR1,"Vinay,Smith,Tyler",Uptime,true,,,6,20
1693,RocketOS,ROS1,"Saheel,Harvey,Mike,Donna,Rachel",Operating System,true,,,1,24
1694,Site Reliabilty,SR1,"John,Smith,Tyler",Uptime,true,,,3,14
1695,Cloud Infra,CI1,"Smith,Tyler",Uptime,true,,,4,15
1696,Development,DEV23,"Saheel,Smith,Tyler",Uptime,false,,,5,23
1697,Site Reliabilty,SR1,"Vinay,Smith,Tyler",Uptime,true,,,6,20
1698,RocketOS,ROS1,"Saheel,Harvey,Mike,Donna,Rachel",Operating System,true,,,1,24
1699,Site Reliabilty,SR1,"John,Smith,Tyler",Uptime,true,,,3,14
1700,Cloud Infra,CI1,"Smith,Tyler",Uptime,true,,,4,15
1701,Development,DEV23,"Saheel,Smith,Tyler",Uptime,false,,,5,23
1702,Site Reliabilty,SR1,"Vinay,Smith,Tyler",Uptime,true,,,6,20
1703,RocketOS,ROS1,"Saheel,Harvey,Mike,Donna,Rachel",Operating System,true,,,1,24
1704,Site Reliabilty,SR1,"John,Smith,Tyler",Uptime,true,,,3,14
1705,Cloud Infra,CI1,"Smith,Tyler",Uptime,true,,,4,15
1706,Development,DEV23,"Saheel,Smith,Tyler",Uptime,false,,,5,23
1707,Site Reliabilty,SR1,"Vinay,Smith,Tyler",Uptime,true,,,6,20
1708,RocketOS,ROS1,"Saheel,Harvey,Mike,Donna,Rachel",Operating System,true,,,1,24
1709,Site Reliabilty,SR1,"John,Smith,Tyler",Uptime,true,,,3,14
1710,Cloud Infra,CI1,"Smith,Tyler",Uptime,true,,,4,15
1711,Development,DEV23,"Saheel,Smith,Tyler",Uptime,false,,,5,23
1712,Site Reliabilty,SR1,"Vinay,Smith,Tyler",Uptime,true,,,6,20
1713,RocketOS,ROS1,"Saheel,Harvey,Mike,Donna,Rachel",Operating System,true,,,1,24
1714,Cloud Infra,CI1,"Smith,Tyler",Uptime,true,,,4,15
1715,Development,DEV23,"Saheel,Smith,Tyler",Uptime,false,,,5,23
1716,Site Reliabilty,SR1,"Vinay,Smith,Tyler",Uptime,true,,,6,20
1717,RocketOS,ROS1,"Saheel,Harvey,Mike,Donna,Rachel",Operating System,true,,,1,24
1718,Site Reliabilty,SR1,"John,Smith,Tyler",Uptime,true,,,3,14
1719,Cloud Infra,CI1,"Smith,Tyler",Uptime,true,,,4,15
1720,Development,DEV23,"Saheel,Smith,Tyler",Uptime,false,,,5,23
1721,Site Reliabilty,SR1,"Vinay,Smith,Tyler",Uptime,true,,,6,20
1722,RocketOS,ROS1,"Saheel,Harvey,Mike,Donna,Rachel",Operating System,true,,,1,24
1723,Site Reliabilty,SR1,"John,Smith,Tyler",Uptime,true,,,3,14
1724,Cloud Infra,CI1,"Smith,Tyler",Uptime,true,,,4,15
1725,Development,DEV23,"Saheel,Smith,Tyler",Uptime,false,,,5,23
1726,Site Reliabilty,SR1,"Vinay,Smith,Tyler",Uptime,true,,,6,20
1727,RocketOS,ROS1,"Saheel,Harvey,Mike,Donna,Rachel",Operating System,true,,,1,24
1728,Site Reliabilty,SR1,"John,Smith,Tyler",Uptime,true,,,3,14
1729,Cloud Infra,CI1,"Smith,Tyler",Uptime,true,,,4,15
1730,Development,DEV23,"Saheel,Smith,Tyler",Uptime,false,,,5,23
1731,Site Reliabilty,SR1,"Vinay,Smith,Tyler",Uptime,true,,,6,20
1732,RocketOS,ROS1,"Saheel,Harvey,Mike,Donna,Rachel",Operating System,true,,,1,24
1733,Cloud Infra,CI1,"Smith,Tyler",Uptime,true,,,4,15
1734,Development,DEV23,"Saheel,Smith,Tyler",Uptime,false,,,5,23
1735,Site Reliabilty,SR1,"Vinay,Smith,Tyler",Uptime,true,,,6,20
1736,RocketOS,ROS1,"Saheel,Harvey,Mike,Donna,Rachel",Operating System,true,,,1,24
1737,Site Reliabilty,SR1,"John,Smith,Tyler",Uptime,true,,,3,14
1738,Cloud Infra,CI1,"Smith,Tyler",Uptime,true,,,4,15
1739,Development,DEV23,"Saheel,Smith,Tyler",Uptime,false,,,5,23
1740,Site Reliabilty,SR1,"Vinay,Smith,Tyler",Uptime,true,,,6,20
1741,RocketOS,ROS1,"Saheel,Harvey,Mike,Donna,Rachel",Operating System,true,,,1,24
1742,Site Reliabilty,SR1,"John,Smith,Tyler",Uptime,true,,,3,14
1743,Cloud Infra,CI1,"Smith,Tyler",Uptime,true,,,4,15
1744,Development,DEV23,"Saheel,Smith,Tyler",Uptime,false,,,5,23
1745,Site Reliabilty,SR1,"Vinay,Smith,Tyler",Uptime,true,,,6,20
1746,RocketOS,ROS1,"Saheel,Harvey,Mike,Donna,Rachel",Operating System,true,,,1,24
1747,Site Reliabilty,SR1,"John,Smith,Tyler",Uptime,true,,,3,14
1748,Cloud Infra,CI1,"Smith,Tyler",Uptime,true,,,4,15
1749,Development,DEV23,"Saheel,Smith,Tyler",Uptime,false,,,5,23
1750,Site Reliabilty,SR1,"Vinay,Smith,Tyler",Uptime,true,,,6,20
1751,RocketOS,ROS1,"Saheel,Harvey,Mike,Donna,Rachel",Operating System,true,,,1,24
1752,Site Reliabilty,SR1,"John,Smith,Tyler",Uptime,true,,,3,14
1753,Cloud Infra,CI1,"Smith,Tyler",Uptime,true,,,4,15
1754,Development,DEV23,"Saheel,Smith,Tyler",Uptime,false,,,5,23
1755,Site Reliabilty,SR1,"Vinay,Smith,Tyler",Uptime,true,,,6,20
1756,RocketOS,ROS1,"Saheel,Harvey,Mike,Donna,Rachel",Operating System,true,,,1,24
1757,Site Reliabilty,SR1,"John,Smith,Tyler",Uptime,true,,,3,14
1758,Cloud Infra,CI1,"Smith,Tyler",Uptime,true,,,4,15
1759,Development,DEV23,"Saheel,Smith,Tyler",Uptime,false,,,5,23
1760,Site Reliabilty,SR1,"Vinay,Smith,Tyler",Uptime,true,,,6,20
1761,RocketOS,ROS1,"Saheel,Harvey,Mike,Donna,Rachel",Operating System,true,,,1,24
1762,Site Reliabilty,SR1,"John,Smith,Tyler",Uptime,true,,,3,14
1763,Cloud Infra,CI1,"Smith,Tyler",Uptime,true,,,4,15
1764,Development,DEV23,"Saheel,Smith,Tyler",Uptime,false,,,5,23
1765,Site Reliabilty,SR1,"Vinay,Smith,Tyler",Uptime,true,,,6,20
1766,RocketOS,ROS1,"Saheel,Harvey,Mike,Donna,Rachel",Operating System,true,,,1,24
1767,Site Reliabilty,SR1,"John,Smith,Tyler",Uptime,true,,,3,14
1768,Cloud Infra,CI1,"Smith,Tyler",Uptime,true,,,4,15
1769,Development,DEV23,"Saheel,Smith,Tyler",Uptime,false,,,5,23
1770,Site Reliabilty,SR1,"Vinay,Smith,Tyler",Uptime,true,,,6,20
1771,RocketOS,ROS1,"Saheel,Harvey,Mike,Donna,Rachel",Operating System,true,,,1,24
1772,Cloud Infra,CI1,"Smith,Tyler",Uptime,true,,,4,15
1773,Development,DEV23,"Saheel,Smith,Tyler",Uptime,false,,,5,23
1774,Site Reliabilty,SR1,"Vinay,Smith,Tyler",Uptime,true,,,6,20
1775,RocketOS,ROS1,"Saheel,Harvey,Mike,Donna,Rachel",Operating System,true,,,1,24
1776,Site Reliabilty,SR1,"John,Smith,Tyler",Uptime,true,,,3,14
1777,Cloud Infra,CI1,"Smith,Tyler",Uptime,true,,,4,15
1778,Development,DEV23,"Saheel,Smith,Tyler",Uptime,false,,,5,23
1779,Site Reliabilty,SR1,"Vinay,Smith,Tyler",Uptime,true,,,6,20
1780,RocketOS,ROS1,"Saheel,Harvey,Mike,Donna,Rachel",Operating System,true,,,1,24
1781,Site Reliabilty,SR1,"John,Smith,Tyler",Uptime,true,,,3,14
1782,Cloud Infra,CI1,"Smith,Tyler",Uptime,true,,,4,15
1783,Development,DEV23,"Saheel,Smith,Tyler",Uptime,false,,,5,23
1784,Site Reliabilty,SR1,"Vinay,Smith,Tyler",Uptime,true,,,6,20
1785,RocketOS,ROS1,"Saheel,Harvey,Mike,Donna,Rachel",Operating System,true,,,1,24
1786,Site Reliabilty,SR1,"John,Smith,Tyler",Uptime,true,,,3,14
1787,Cloud Infra,CI1,"Smith,Tyler",Uptime,true,,,4,15
1788,Development,DEV23,"Saheel,Smith,Tyler",Uptime,false,,,5,23
1789,Site Reliabilty,SR1,"Vinay,Smith,Tyler",Uptime,true,,,6,20
1790,RocketOS,ROS1,"Saheel,Harvey,Mike,Donna,Rachel",Operating System,true,,,1,24
1791,Cloud Infra,CI1,"Smith,Tyler",Uptime,true,,,4,15
1792,Development,DEV23,"Saheel,Smith,Tyler",Uptime,false,,,5,23
1793,Site Reliabilty,SR1,"Vinay,Smith,Tyler",Uptime,true,,,6,20
1794,RocketOS,ROS1,"Saheel,Harvey,Mike,Donna,Rachel",Operating System,true,,,1,24
1795,Site Reliabilty,SR1,"John,Smith,Tyler",Uptime,true,,,3,14
1796,Cloud Infra,CI1,"Smith,Tyler",Uptime,true,,,4,15
1797,Development,DEV23,"Saheel,Smith,Tyler",Uptime,false,,,5,23
1798,Site Reliabilty,SR1,"Vinay,Smith,Tyler",Uptime,true,,,6,20
1799,RocketOS,ROS1,"Saheel,Harvey,Mike,Donna,Rachel",Operating System,true,,,1,24
1800,Site Reliabilty,SR1,"John,Smith,Tyler",Uptime,true,,,3,14
1801,Cloud Infra,CI1,"Smith,Tyler",Uptime,true,,,4,15
1802,Development,DEV23,"Saheel,Smith,Tyler",Uptime,false,,,5,23
1803,Site Reliabilty,SR1,"Vinay,Smith,Tyler",Uptime,true,,,6,20
1804,RocketOS,ROS1,"Saheel,Harvey,Mike,Donna,Rachel",Operating System,true,,,1,24
1805,Site Reliabilty,SR1,"John,Smith,Tyler",Uptime,true,,,3,14
1806,Cloud Infra,CI1,"Smith,Tyler",Uptime,true,,,4,15
1807,Development,DEV23,"Saheel,Smith,Tyler",Uptime,false,,,5,23
1808,Site Reliabilty,SR1,"Vinay,Smith,Tyler",Uptime,true,,,6,20
1809,RocketOS,ROS1,"Saheel,Harvey,Mike,Donna,Rachel",Operating System,true,,,1,24
1810,Site Reliabilty,SR1,"John,Smith,Tyler",Uptime,true,,,3,14
1811,Cloud Infra,CI1,"Smith,Tyler",Uptime,true,,,4,15
1812,Development,DEV23,"Saheel,Smith,Tyler",Uptime,false,,,5,23
1813,Site Reliabilty,SR1,"Vinay,Smith,Tyler",Uptime,true,,,6,20
1814,RocketOS,ROS1,"Saheel,Harvey,Mike,Donna,Rachel",Operating System,true,,,1,24
1815,Site Reliabilty,SR1,"John,Smith,Tyler",Uptime,true,,,3,14
1816,Cloud Infra,CI1,"Smith,Tyler",Uptime,true,,,4,15
1817,Development,DEV23,"Saheel,Smith,Tyler",Uptime,false,,,5,23
1818,Site Reliabilty,SR1,"Vinay,Smith,Tyler",Uptime,true,,,6,20
1819,RocketOS,ROS1,"Saheel,Harvey,Mike,Donna,Rachel",Operating System,true,,,1,24
1820,Site Reliabilty,SR1,"John,Smith,Tyler",Uptime,true,,,3,14
1821,Cloud Infra,CI1,"Smith,Tyler",Uptime,true,,,4,15
1822,Development,DEV23,"Saheel,Smith,Tyler",Uptime,false,,,5,23
1823,Site Reliabilty,SR1,"Vinay,Smith,Tyler",Uptime,true,,,6,20
1824,RocketOS,ROS1,"Saheel,Harvey,Mike,Donna,Rachel",Operating System,true,,,1,24
1825,Site Reliabilty,SR1,"John,Smith,Tyler",Uptime,true,,,3,14
1826,Cloud Infra,CI1,"Smith,Tyler",Uptime,true,,,4,15
1827,Development,DEV23,"Saheel,Smith,Tyler",Uptime,false,,,5,23
1828,Site Reliabilty,SR1,"Vinay,Smith,Tyler",Uptime,true,,,6,20
1829,RocketOS,ROS1,"Saheel,Harvey,Mike,Donna,Rachel",Operating System,true,,,1,24
1830,Cloud Infra,CI1,"Smith,Tyler",Uptime,true,,,4,15
1831,Development,DEV23,"Saheel,Smith,Tyler",Uptime,false,,,5,23
1832,Site Reliabilty,SR1,"Vinay,Smith,Tyler",Uptime,true,,,6,20
1833,RocketOS,ROS1,"Saheel,Harvey,Mike,Donna,Rachel",Operating System,true,,,1,24
1834,Site Reliabilty,SR1,"John,Smith,Tyler",Uptime,true,,,3,14
1835,Cloud Infra,CI1,"Smith,Tyler",Uptime,true,,,4,15
1836,Development,DEV23,"Saheel,Smith,Tyler",Uptime,false,,,5,23
1837,Site Reliabilty,SR1,"Vinay,Smith,Tyler",Uptime,true,,,6,20
1838,RocketOS,ROS1,"Saheel,Harvey,Mike,Donna,Rachel",Operating System,true,,,1,24
1839,Site Reliabilty,SR1,"John,Smith,Tyler",Uptime,true,,,3,14
1840,Cloud Infra,CI1,"Smith,Tyler",Uptime,true,,,4,15
1841,Development,DEV23,"Saheel,Smith,Tyler",Uptime,false,,,5,23
1842,Site Reliabilty,SR1,"Vinay,Smith,Tyler",Uptime,true,,,6,20
1843,RocketOS,ROS1,"Saheel,Harvey,Mike,Donna,Rachel",Operating System,true,,,1,24
1844,Site Reliabilty,SR1,"John,Smith,Tyler",Uptime,true,,,3,14
1845,Cloud Infra,CI1,"Smith,Tyler",Uptime,true,,,4,15
1846,Development,DEV23,"Saheel,Smith,Tyler",Uptime,false,,,5,23
1847,Site Reliabilty,SR1,"Vinay,Smith,Tyler",Uptime,true,,,6,20
1848,RocketOS,ROS1,"Saheel,Harvey,Mike,Donna,Rachel",Operating System,true,,,1,24
1849,Cloud Infra,CI1,"Smith,Tyler",Uptime,true,,,4,15
1850,Development,DEV23,"Saheel,Smith,Tyler",Uptime,false,,,5,23
1851,Site Reliabilty,SR1,"Vinay,Smith,Tyler",Uptime,true,,,6,20
1852,RocketOS,ROS1,"Saheel,Harvey,Mike,Donna,Rachel",Operating System,true,,,1,24
1853,Site Reliabilty,SR1,"John,Smith,Tyler",Uptime,true,,,3,14
1854,Cloud Infra,CI1,"Smith,Tyler",Uptime,true,,,4,15
1855,Development,DEV23,"Saheel,Smith,Tyler",Uptime,false,,,5,23
1856,Site Reliabilty,SR1,"Vinay,Smith,Tyler",Uptime,true,,,6,20
1857,RocketOS,ROS1,"Saheel,Harvey,Mike,Donna,Rachel",Operating System,true,,,1,24
1858,Site Reliabilty,SR1,"John,Smith,Tyler",Uptime,true,,,3,14
1859,Cloud Infra,CI1,"Smith,Tyler",Uptime,true,,,4,15
1860,Development,DEV23,"Saheel,Smith,Tyler",Uptime,false,,,5,23
1861,Site Reliabilty,SR1,"Vinay,Smith,Tyler",Uptime,true,,,6,20
1862,RocketOS,ROS1,"Saheel,Harvey,Mike,Donna,Rachel",Operating System,true,,,1,24
1863,Site Reliabilty,SR1,"John,Smith,Tyler",Uptime,true,,,3,14
1864,Cloud Infra,CI1,"Smith,Tyler",Uptime,true,,,4,15
1865,Development,DEV23,"Saheel,Smith,Tyler",Uptime,false,,,5,23
1866,Site Reliabilty,SR1,"Vinay,Smith,Tyler",Uptime,true,,,6,20
1867,RocketOS,ROS1,"Saheel,Harvey,Mike,Donna,Rachel",Operating System,true,,,1,24
1868,Site Reliabilty,SR1,"John,Smith,Tyler",Uptime,true,,,3,14
1869,Cloud Infra,CI1,"Smith,Tyler",Uptime,true,,,4,15
1870,Development,DEV23,"Saheel,Smith,Tyler",Uptime,false,,,5,23
1871,Site Reliabilty,SR1,"Vinay,Smith,Tyler",Uptime,true,,,6,20
1872,RocketOS,ROS1,"Saheel,Harvey,Mike,Donna,Rachel",Operating System,true,,,1,24
1873,Site Reliabilty,SR1,"John,Smith,Tyler",Uptime,true,,,3,14
1874,Cloud Infra,CI1,"Smith,Tyler",Uptime,true,,,4,15
1875,Development,DEV23,"Saheel,Smith,Tyler",Uptime,false,,,5,23
1876,Site Reliabilty,SR1,"Vinay,Smith,Tyler",Uptime,true,,,6,20
1877,RocketOS,ROS1,"Saheel,Harvey,Mike,Donna,Rachel",Operating System,true,,,1,24
1878,Site Reliabilty,SR1,"John,Smith,Tyler",Uptime,true,,,3,14
1879,Cloud Infra,CI1,"Smith,Tyler",Uptime,true,,,4,15
1880,Development,DEV23,"Saheel,Smith,Tyler",Uptime,false,,,5,23
1881,Site Reliabilty,SR1,"Vinay,Smith,Tyler",Uptime,true,,,6,20
1882,RocketOS,ROS1,"Saheel,Harvey,Mike,Donna,Rachel",Operating System,true,,,1,24
1883,Site Reliabilty,SR1,"John,Smith,Tyler",Uptime,true,,,3,14
1884,Cloud Infra,CI1,"Smith,Tyler",Uptime,true,,,4,15
1885,Development,DEV23,"Saheel,Smith,Tyler",Uptime,false,,,5,23
1886,Site Reliabilty,SR1,"Vinay,Smith,Tyler",Uptime,true,,,6,20
1887,RocketOS,ROS1,"Saheel,Harvey,Mike,Donna,Rachel",Operating System,true,,,1,24
1888,Cloud Infra,CI1,"Smith,Tyler",Uptime,true,,,4,15
1889,Development,DEV23,"Saheel,Smith,Tyler",Uptime,false,,,5,23
1890,Site Reliabilty,SR1,"Vinay,Smith,Tyler",Uptime,true,,,6,20
1891,RocketOS,ROS1,"Saheel,Harvey,Mike,Donna,Rachel",Operating System,true,,,1,24
1892,Site Reliabilty,SR1,"John,Smith,Tyler",Uptime,true,,,3,14
1893,Cloud Infra,CI1,"Smith,Tyler",Uptime,true,,,4,15
1894,Development,DEV23,"Saheel,Smith,Tyler",Uptime,false,,,5,23
1895,Site Reliabilty,SR1,"Vinay,Smith,Tyler",Uptime,true,,,6,20
1896,RocketOS,ROS1,"Saheel,Harvey,Mike,Donna,Rachel",Operating System,true,,,1,24
1897,Site Reliabilty,SR1,"John,Smith,Tyler",Uptime,true,,,3,14
1898,Cloud Infra,CI1,"Smith,Tyler",Uptime,true,,,4,15
1899,Development,DEV23,"Saheel,Smith,Tyler",Uptime,false,,,5,23
1900,Site Reliabilty,SR1,"Vinay,Smith,Tyler",Uptime,true,,,6,20
1901,RocketOS,ROS1,"Saheel,Harvey,Mike,Donna,Rachel",Operating System,true,,,1,24
1902,Site Reliabilty,SR1,"John,Smith,Tyler",Uptime,true,,,3,14
1903,Cloud Infra,CI1,"Smith,Tyler",Uptime,true,,,4,15
1904,Development,DEV23,"Saheel,Smith,Tyler",Uptime,false,,,5,23
1905,Site Reliabilty,SR1,"Vinay,Smith,Tyler",Uptime,true,,,6,20
1906,RocketOS,ROS1,"Saheel,Harvey,Mike,Donna,Rachel",Operating System,true,,,1,24
1907,Cloud Infra,CI1,"Smith,Tyler",Uptime,true,,,4,15
1908,Development,DEV23,"Saheel,Smith,Tyler",Uptime,false,,,5,23
1909,Site Reliabilty,SR1,"Vinay,Smith,Tyler",Uptime,true,,,6,20
1910,RocketOS,ROS1,"Saheel,Harvey,Mike,Donna,Rachel",Operating System,true,,,1,24
1911,Site Reliabilty,SR1,"John,Smith,Tyler",Uptime,true,,,3,14
1912,Cloud Infra,CI1,"Smith,Tyler",Uptime,true,,,4,15
1913,Development,DEV23,"Saheel,Smith,Tyler",Uptime,false,,,5,23
1914,Site Reliabilty,SR1,"Vinay,Smith,Tyler",Uptime,true,,,6,20
1915,RocketOS,ROS1,"Saheel,Harvey,Mike,Donna,Rachel",Operating System,true,,,1,24
1916,Site Reliabilty,SR1,"John,Smith,Tyler",Uptime,true,,,3,14
1917,Cloud Infra,CI1,"Smith,Tyler",Uptime,true,,,4,15
1918,Development,DEV23,"Saheel,Smith,Tyler",Uptime,false,,,5,23
1919,Site Reliabilty,SR1,"Vinay,Smith,Tyler",Uptime,true,,,6,20
1920,RocketOS,ROS1,"Saheel,Harvey,Mike,Donna,Rachel",Operating System,true,,,1,24
1921,Site Reliabilty,SR1,"John,Smith,Tyler",Uptime,true,,,3,14
1922,Cloud Infra,CI1,"Smith,Tyler",Uptime,true,,,4,15
1923,Development,DEV23,"Saheel,Smith,Tyler",Uptime,false,,,5,23
1924,Site Reliabilty,SR1,"Vinay,Smith,Tyler",Uptime,true,,,6,20
1925,RocketOS,ROS1,"Saheel,Harvey,Mike,Donna,Rachel",Operating System,true,,,1,24
1926,Site Reliabilty,SR1,"John,Smith,Tyler",Uptime,true,,,3,14
1927,Cloud Infra,CI1,"Smith,Tyler",Uptime,true,,,4,15
1928,Development,DEV23,"Saheel,Smith,Tyler",Uptime,false,,,5,23
1929,Site Reliabilty,SR1,"Vinay,Smith,Tyler",Uptime,true,,,6,20
1930,RocketOS,ROS1,"Saheel,Harvey,Mike,Donna,Rachel",Operating System,true,,,1,24
1931,Site Reliabilty,SR1,"John,Smith,Tyler",Uptime,true,,,3,14
1932,Cloud Infra,CI1,"Smith,Tyler",Uptime,true,,,4,15
1933,Development,DEV23,"Saheel,Smith,Tyler",Uptime,false,,,5,23
1934,Site Reliabilty,SR1,"Vinay,Smith,Tyler",Uptime,true,,,6,20
1935,RocketOS,ROS1,"Saheel,Harvey,Mike,Donna,Rachel",Operating System,true,,,1,24
1936,Site Reliabilty,SR1,"John,Smith,Tyler",Uptime,true,,,3,14
1937,Cloud Infra,CI1,"Smith,Tyler",Uptime,true,,,4,15
1938,Development,DEV23,"Saheel,Smith,Tyler",Uptime,false,,,5,23
1939,Site Reliabilty,SR1,"Vinay,Smith,Tyler",Uptime,true,,,6,20
1940,RocketOS,ROS1,"Saheel,Harvey,Mike,Donna,Rachel",Operating System,true,,,1,24
1941,Site Reliabilty,SR1,"John,Smith,Tyler",Uptime,true,,,3,14
1942,Cloud Infra,CI1,"Smith,Tyler",Uptime,true,,,4,15
1943,Development,DEV23,"Saheel,Smith,Tyler",Uptime,false,,,5,23
1944,Site Reliabilty,SR1,"Vinay,Smith,Tyler",Uptime,true,,,6,20
1945,RocketOS,ROS1,"Saheel,Harvey,Mike,Donna,Rachel",Operating System,true,,,1,24
1946,Cloud Infra,CI1,"Smith,Tyler",Uptime,true,,,4,15
1947,Development,DEV23,"Saheel,Smith,Tyler",Uptime,false,,,5,23
1948,Site Reliabilty,SR1,"Vinay,Smith,Tyler",Uptime,true,,,6,20
1949,RocketOS,ROS1,"Saheel,Harvey,Mike,Donna,Rachel",Operating System,true,,,1,24
1950,Site Reliabilty,SR1,"John,Smith,Tyler",Uptime,true,,,3,14
1951,Cloud Infra,CI1,"Smith,Tyler",Uptime,true,,,4,15
1952,Development,DEV23,"Saheel,Smith,Tyler",Uptime,false,,,5,23
1953,Site Reliabilty,SR1,"Vinay,Smith,Tyler",Uptime,true,,,6,20
1954,RocketOS,ROS1,"Saheel,Harvey,Mike,Donna,Rachel",Operating System,true,,,1,24
1955,Site Reliabilty,SR1,"John,Smith,Tyler",Uptime,true,,,3,14
1956,Cloud Infra,CI1,"Smith,Tyler",Uptime,true,,,4,15
1957,Development,DEV23,"Saheel,Smith,Tyler",Uptime,false,,,5,23
1958,Site Reliabilty,SR1,"Vinay,Smith,Tyler",Uptime,true,,,6,20
1959,RocketOS,ROS1,"Saheel,Harvey,Mike,Donna,Rachel",Operating System,true,,,1,24
1960,Site Reliabilty,SR1,"John,Smith,Tyler",Uptime,true,,,3,14
1961,Cloud Infra,CI1,"Smith,Tyler",Uptime,true,,,4,15
1962,Development,DEV23,"Saheel,Smith,Tyler",Uptime,false,,,5,23
1963,Site Reliabilty,SR1,"Vinay,Smith,Tyler",Uptime,true,,,6,20
1964,RocketOS,ROS1,"Saheel,Harvey,Mike,Donna,Rachel",Operating System,true,,,1,24
1965,Cloud Infra,CI1,"Smith,Tyler",Uptime,true,,,4,15
1966,Development,DEV23,"Saheel,Smith,Tyler",Uptime,false,,,5,23
1967,Site Reliabilty,SR1,"Vinay,Smith,Tyler",Uptime,true,,,6,20
1968,RocketOS,ROS1,"Saheel,Harvey,Mike,Donna,Rachel",Operating System,true,,,1,24
1969,Site Reliabilty,SR1,"John,Smith,Tyler",Uptime,true,,,3,14
1970,Cloud Infra,CI1,"Smith,Tyler",Uptime,true,,,4,15
1971,Development,DEV23,"Saheel,Smith,Tyler",Uptime,false,,,5,23
1972,Site Reliabilty,SR1,"Vinay,Smith,Tyler",Uptime,true,,,6,20
1973,RocketOS,ROS1,"Saheel,Harvey,Mike,Donna,Rachel",Operating System,true,,,1,24
1974,Site Reliabilty,SR1,"John,Smith,Tyler",Uptime,true,,,3,14
1975,Cloud Infra,CI1,"Smith,Tyler",Uptime,true,,,4,15
1976,Development,DEV23,"Saheel,Smith,Tyler",Uptime,false,,,5,23
1977,Site Reliabilty,SR1,"Vinay,Smith,Tyler",Uptime,true,,,6,20
1978,RocketOS,ROS1,"Saheel,Harvey,Mike,Donna,Rachel",Operating System,true,,,1,24
1979,Site Reliabilty,SR1,"John,Smith,Tyler",Uptime,true,,,3,14
1980,Cloud Infra,CI1,"Smith,Tyler",Uptime,true,,,4,15
1981,Development,DEV23,"Saheel,Smith,Tyler",Uptime,false,,,5,23
1982,Site Reliabilty,SR1,"Vinay,Smith,Tyler",Uptime,true,,,6,20
1983,RocketOS,ROS1,"Saheel,Harvey,Mike,Donna,Rachel",Operating System,true,,,1,24
1984,Site Reliabilty,SR1,"John,Smith,Tyler",Uptime,true,,,3,14
1985,Cloud Infra,CI1,"Smith,Tyler",Uptime,true,,,4,15
1986,Development,DEV23,"Saheel,Smith,Tyler",Uptime,false,,,5,23
1987,Site Reliabilty,SR1,"Vinay,Smith,Tyler",Uptime,true,,,6,20
1988,RocketOS,ROS1,"Saheel,Harvey,Mike,Donna,Rachel",Operating System,true,,,1,24
1989,Site Reliabilty,SR1,"John,Smith,Tyler",Uptime,true,,,3,14
1990,Cloud Infra,CI1,"Smith,Tyler",Uptime,true,,,4,15
1991,Development,DEV23,"Saheel,Smith,Tyler",Uptime,false,,,5,23
1992,Site Reliabilty,SR1,"Vinay,Smith,Tyler",Uptime,true,,,6,20
1993,RocketOS,ROS1,"Saheel,Harvey,Mike,Donna,Rachel",Operating System,true,,,1,24
1994,Site Reliabilty,SR1,"John,Smith,Tyler",Uptime,true,,,3,14
1995,Cloud Infra,CI1,"Smith,Tyler",Uptime,true,,,4,15
1996,Development,DEV23,"Saheel,Smith,Tyler",Uptime,false,,,5,23
1997,Site Reliabilty,SR1,"Vinay,Smith,Tyler",Uptime,true,,,6,20
1998,RocketOS,ROS1,"Saheel,Harvey,Mike,Donna,Rachel",Operating System,true,,,1,24
1999,Site Reliabilty,SR1,"John,Smith,Tyler",Uptime,true,,,3,14
2000,Cloud Infra,CI1,"Smith,Tyler",Uptime,true,,,4,15
2001,Development,DEV23,"Saheel,Smith,Tyler",Uptime,false,,,5,23
2002,Site Reliabilty,SR1,"Vinay,Smith,Tyler",Uptime,true,,,6,20
2003,RocketOS,ROS1,"Saheel,Harvey,Mike,Donna,Rachel",Operating System,true,,,1,24
2004,Cloud Infra,CI1,"Smith,Tyler",Uptime,true,,,4,15
2005,Development,DEV23,"Saheel,Smith,Tyler",Uptime,false,,,5,23
2006,Site Reliabilty,SR1,"Vinay,Smith,Tyler",Uptime,true,,,6,20
2007,RocketOS,ROS1,"Saheel,Harvey,Mike,Donna,Rachel",Operating System,true,,,1,24
2008,Site Reliabilty,SR1,"John,Smith,Tyler",Uptime,true,,,3,14
2009,Cloud Infra,CI1,"Smith,Tyler",Uptime,true,,,4,15
2010,Development,DEV23,"Saheel,Smith,Tyler",Uptime,false,,,5,23
2011,Site Reliabilty,SR1,"Vinay,Smith,Tyler",Uptime,true,,,6,20
2012,RocketOS,ROS1,"Saheel,Harvey,Mike,Donna,Rachel",Operating System,true,,,1,24
2013,Site Reliabilty,SR1,"John,Smith,Tyler",Uptime,true,,,3,14
2014,Cloud Infra,CI1,"Smith,Tyler",Uptime,true,,,4,15
2015,Development,DEV23,"Saheel,Smith,Tyler",Uptime,false,,,5,23
2016,Site Reliabilty,SR1,"Vinay,Smith,Tyler",Uptime,true,,,6,20
2017,RocketOS,ROS1,"Saheel,Harvey,Mike,Donna,Rachel",Operating System,true,,,1,24
2018,Site Reliabilty,SR1,"John,Smith,Tyler",Uptime,true,,,3,14
2019,Cloud Infra,CI1,"Smith,Tyler",Uptime,true,,,4,15
2020,Development,DEV23,"Saheel,Smith,Tyler",Uptime,false,,,5,23
2021,Site Reliabilty,SR1,"Vinay,Smith,Tyler",Uptime,true,,,6,20
2022,RocketOS,ROS1,"Saheel,Harvey,Mike,Donna,Rachel",Operating System,true,,,1,24
2023,Cloud Infra,CI1,"Smith,Tyler",Uptime,true,,,4,15
2024,Development,DEV23,"Saheel,Smith,Tyler",Uptime,false,,,5,23
2025,Site Reliabilty,SR1,"Vinay,Smith,Tyler",Uptime,true,,,6,20
2026,RocketOS,ROS1,"Saheel,Harvey,Mike,Donna,Rachel",Operating System,true,,,1,24
2027,Site Reliabilty,SR1,"John,Smith,Tyler",Uptime,true,,,3,14
2028,Cloud Infra,CI1,"Smith,Tyler",Uptime,true,,,4,15
2029,Development,DEV23,"Saheel,Smith,Tyler",Uptime,false,,,5,23
2030,Site Reliabilty,SR1,"Vinay,Smith,Tyler",Uptime,true,,,6,20
2031,RocketOS,ROS1,"Saheel,Harvey,Mike,Donna,Rachel",Operating System,true,,,1,24
2032,Site Reliabilty,SR1,"John,Smith,Tyler",Uptime,true,,,3,14
2033,Cloud Infra,CI1,"Smith,Tyler",Uptime,true,,,4,15
2034,Development,DEV23,"Saheel,Smith,Tyler",Uptime,false,,,5,23
2035,Site Reliabilty,SR1,"Vinay,Smith,Tyler",Uptime,true,,,6,20
2036,RocketOS,ROS1,"Saheel,Harvey,Mike,Donna,Rachel",Operating System,true,,,1,24
2037,Site Reliabilty,SR1,"John,Smith,Tyler",Uptime,true,,,3,14
2038,Cloud Infra,CI1,"Smith,Tyler",Uptime,true,,,4,15
2039,Development,DEV23,"Saheel,Smith,Tyler",Uptime,false,,,5,23
2040,Site Reliabilty,SR1,"Vinay,Smith,Tyler",Uptime,true,,,6,20
2041,RocketOS,ROS1,"Saheel,Harvey,Mike,Donna,Rachel",Operating System,true,,,1,24
2042,Site Reliabilty,SR1,"John,Smith,Tyler",Uptime,true,,,3,14
2043,Cloud Infra,CI1,"Smith,Tyler",Uptime,true,,,4,15
2044,Development,DEV23,"Saheel,Smith,Tyler",Uptime,false,,,5,23
2045,Site Reliabilty,SR1,"Vinay,Smith,Tyler",Uptime,true,,,6,20
2046,RocketOS,ROS1,"Saheel,Harvey,Mike,Donna,Rachel",Operating System,true,,,1,24
2047,Site Reliabilty,SR1,"John,Smith,Tyler",Uptime,true,,,3,14
2048,Cloud Infra,CI1,"Smith,Tyler",Uptime,true,,,4,15
2049,Development,DEV23,"Saheel,Smith,Tyler",Uptime,false,,,5,23
2050,Site Reliabilty,SR1,"Vinay,Smith,Tyler",Uptime,true,,,6,20
2051,RocketOS,ROS1,"Saheel,Harvey,Mike,Donna,Rachel",Operating System,true,,,1,24
2052,Site Reliabilty,SR1,"John,Smith,Tyler",Uptime,true,,,3,14
2053,Cloud Infra,CI1,"Smith,Tyler",Uptime,true,,,4,15
2054,Development,DEV23,"Saheel,Smith,Tyler",Uptime,false,,,5,23
2055,Site Reliabilty,SR1,"Vinay,Smith,Tyler",Uptime,true,,,6,20
2056,RocketOS,ROS1,"Saheel,Harvey,Mike,Donna,Rachel",Operating System,true,,,1,24
2057,Site Reliabilty,SR1,"John,Smith,Tyler",Uptime,true,,,3,14
2058,Cloud Infra,CI1,"Smith,Tyler",Uptime,true,,,4,15
2059,Development,DEV23,"Saheel,Smith,Tyler",Uptime,false,,,5,23
2060,Site Reliabilty,SR1,"Vinay,Smith,Tyler",Uptime,true,,,6,20
2061,RocketOS,ROS1,"Saheel,Harvey,Mike,Donna,Rachel",Operating System,true,,,1,24
2062,Cloud Infra,CI1,"Smith,Tyler",Uptime,true,,,4,15
2063,Development,DEV23,"Saheel,Smith,Tyler",Uptime,false,,,5,23
2064,Site Reliabilty,SR1,"Vinay,Smith,Tyler",Uptime,true,,,6,20
2065,RocketOS,ROS1,"Saheel,Harvey,Mike,Donna,Rachel",Operating System,true,,,1,24
2066,Site Reliabilty,SR1,"John,Smith,Tyler",Uptime,true,,,3,14
2067,Cloud Infra,CI1,"Smith,Tyler",Uptime,true,,,4,15
2068,Development,DEV23,"Saheel,Smith,Tyler",Uptime,false,,,5,23
2069,Site Reliabilty,SR1,"Vinay,Smith,Tyler",Uptime,true,,,6,20
2070,RocketOS,ROS1,"Saheel,Harvey,Mike,Donna,Rachel",Operating System,true,,,1,24
2071,Site Reliabilty,SR1,"John,Smith,Tyler",Uptime,true,,,3,14
2072,Cloud Infra,CI1,"Smith,Tyler",Uptime,true,,,4,15
2073,Development,DEV23,"Saheel,Smith,Tyler",Uptime,false,,,5,23
2074,Site Reliabilty,SR1,"Vinay,Smith,Tyler",Uptime,true,,,6,20
2075,RocketOS,ROS1,"Saheel,Harvey,Mike,Donna,Rachel",Operating System,true,,,1,24
2076,Site Reliabilty,SR1,"John,Smith,Tyler",Uptime,true,,,3,14
2077,Cloud Infra,CI1,"Smith,Tyler",Uptime,true,,,4,15
2078,Development,DEV23,"Saheel,Smith,Tyler",Uptime,false,,,5,23
2079,Site Reliabilty,SR1,"Vinay,Smith,Tyler",Uptime,true,,,6,20
2080,RocketOS,ROS1,"Saheel,Harvey,Mike,Donna,Rachel",Operating System,true,,,1,24
2081,Cloud Infra,CI1,"Smith,Tyler",Uptime,true,,,4,15
2082,Development,DEV23,"Saheel,Smith,Tyler",Uptime,false,,,5,23
2083,Site Reliabilty,SR1,"Vinay,Smith,Tyler",Uptime,true,,,6,20
2084,RocketOS,ROS1,"Saheel,Harvey,Mike,Donna,Rachel",Operating System,true,,,1,24
2085,Site Reliabilty,SR1,"John,Smith,Tyler",Uptime,true,,,3,14
2086,Cloud Infra,CI1,"Smith,Tyler",Uptime,true,,,4,15
2087,Development,DEV23,"Saheel,Smith,Tyler",Uptime,false,,,5,23
2088,Site Reliabilty,SR1,"Vinay,Smith,Tyler",Uptime,true,,,6,20
2089,RocketOS,ROS1,"Saheel,Harvey,Mike,Donna,Rachel",Operating System,true,,,1,24
2090,Site Reliabilty,SR1,"John,Smith,Tyler",Uptime,true,,,3,14
2091,Cloud Infra,CI1,"Smith,Tyler",Uptime,true,,,4,15
2092,Development,DEV23,"Saheel,Smith,Tyler",Uptime,false,,,5,23
2093,Site Reliabilty,SR1,"Vinay,Smith,Tyler",Uptime,true,,,6,20
2094,RocketOS,ROS1,"Saheel,Harvey,Mike,Donna,Rachel",Operating System,true,,,1,24
2095,Site Reliabilty,SR1,"John,Smith,Tyler",Uptime,true,,,3,14
2096,Cloud Infra,CI1,"Smith,Tyler",Uptime,true,,,4,15
2097,Development,DEV23,"Saheel,Smith,Tyler",Uptime,false,,,5,23
2098,Site Reliabilty,SR1,"Vinay,Smith,Tyler",Uptime,true,,,6,20
2099,RocketOS,ROS1,"Saheel,Harvey,Mike,Donna,Rachel",Operating System,true,,,1,24
2100,Site Reliabilty,SR1,"John,Smith,Tyler",Uptime,true,,,3,14
2101,Cloud Infra,CI1,"Smith,Tyler",Uptime,true,,,4,15
2102,Development,DEV23,"Saheel,Smith,Tyler",Uptime,false,,,5,23
2103,Site Reliabilty,SR1,"Vinay,Smith,Tyler",Uptime,true,,,6,20
2104,RocketOS,ROS1,"Saheel,Harvey,Mike,Donna,Rachel",Operating System,true,,,1,24
2105,Site Reliabilty,SR1,"John,Smith,Tyler",Uptime,true,,,3,14
2106,Cloud Infra,CI1,"Smith,Tyler",Uptime,true,,,4,15
2107,Development,DEV23,"Saheel,Smith,Tyler",Uptime,false,,,5,23
2108,Site Reliabilty,SR1,"Vinay,Smith,Tyler",Uptime,true,,,6,20
2109,RocketOS,ROS1,"Saheel,Harvey,Mike,Donna,Rachel",Operating System,true,,,1,24
2110,Site Reliabilty,SR1,"John,Smith,Tyler",Uptime,true,,,3,14
2111,Cloud Infra,CI1,"Smith,Tyler",Uptime,true,,,4,15
2112,Development,DEV23,"Saheel,Smith,Tyler",Uptime,false,,,5,23
2113,Site Reliabilty,SR1,"Vinay,Smith,Tyler",Uptime,true,,,6,20
2114,RocketOS,ROS1,"Saheel,Harvey,Mike,Donna,Rachel",Operating System,true,,,1,24
2115,Site Reliabilty,SR1,"John,Smith,Tyler",Uptime,true,,,3,14
2116,Cloud Infra,CI1,"Smith,Tyler",Uptime,true,,,4,15
2117,Development,DEV23,"Saheel,Smith,Tyler",Uptime,false,,,5,23
2118,Site Reliabilty,SR1,"Vinay,Smith,Tyler",Uptime,true,,,6,20
2119,RocketOS,ROS1,"Saheel,Harvey,Mike,Donna,Rachel",Operating System,true,,,1,24
2120,Cloud Infra,CI1,"Smith,Tyler",Uptime,true,,,4,15
2121,Development,DEV23,"Saheel,Smith,Tyler",Uptime,false,,,5,23
2122,Site Reliabilty,SR1,"Vinay,Smith,Tyler",Uptime,true,,,6,20
2123,RocketOS,ROS1,"Saheel,Harvey,Mike,Donna,Rachel",Operating System,true,,,1,24
2124,Site Reliabilty,SR1,"John,Smith,Tyler",Uptime,true,,,3,14
2125,Cloud Infra,CI1,"Smith,Tyler",Uptime,true,,,4,15
2126,Development,DEV23,"Saheel,Smith,Tyler",Uptime,false,,,5,23
2127,Site Reliabilty,SR1,"Vinay,Smith,Tyler",Uptime,true,,,6,20
2128,RocketOS,ROS1,"Saheel,Harvey,Mike,Donna,Rachel",Operating System,true,,,1,24
2129,Site Reliabilty,SR1,"John,Smith,Tyler",Uptime,true,,,3,14
2130,Cloud Infra,CI1,"Smith,Tyler",Uptime,true,,,4,15
2131,Development,DEV23,"Saheel,Smith,Tyler",Uptime,false,,,5,23
2132,Site Reliabilty,SR1,"Vinay,Smith,Tyler",Uptime,true,,,6,20
2133,RocketOS,ROS1,"Saheel,Harvey,Mike,Donna,Rachel",Operating System,true,,,1,24
2134,Site Reliabilty,SR1,"John,Smith,Tyler",Uptime,true,,,3,14
2135,Cloud Infra,CI1,"Smith,Tyler",Uptime,true,,,4,15
2136,Development,DEV23,"Saheel,Smith,Tyler",Uptime,false,,,5,23
2137,Site Reliabilty,SR1,"Vinay,Smith,Tyler",Uptime,true,,,6,20
2138,RocketOS,ROS1,"Saheel,Harvey,Mike,Donna,Rachel",Operating System,true,,,1,24
2139,Cloud Infra,CI1,"Smith,Tyler",Uptime,true,,,4,15
2140,Development,DEV23,"Saheel,Smith,Tyler",Uptime,false,,,5,23
2141,Site Reliabilty,SR1,"Vinay,Smith,Tyler",Uptime,true,,,6,20
2142,RocketOS,ROS1,"Saheel,Harvey,Mike,Donna,Rachel",Operating System,true,,,1,24
2143,Site Reliabilty,SR1,"John,Smith,Tyler",Uptime,true,,,3,14
2144,Cloud Infra,CI1,"Smith,Tyler",Uptime,true,,,4,15
2145,Development,DEV23,"Saheel,Smith,Tyler",Uptime,false,,,5,23
2146,Site Reliabilty,SR1,"Vinay,Smith,Tyler",Uptime,true,,,6,20
2147,RocketOS,ROS1,"Saheel,Harvey,Mike,Donna,Rachel",Operating System,true,,,1,24
2148,Site Reliabilty,SR1,"John,Smith,Tyler",Uptime,true,,,3,14
2149,Cloud Infra,CI1,"Smith,Tyler",Uptime,true,,,4,15
2150,Development,DEV23,"Saheel,Smith,Tyler",Uptime,false,,,5,23
2151,Site Reliabilty,SR1,"Vinay,Smith,Tyler",Uptime,true,,,6,20
2152,RocketOS,ROS1,"Saheel,Harvey,Mike,Donna,Rachel",Operating System,true,,,1,24
2153,Site Reliabilty,SR1,"John,Smith,Tyler",Uptime,true,,,3,14
2154,Cloud Infra,CI1,"Smith,Tyler",Uptime,true,,,4,15
2155,Development,DEV23,"Saheel,Smith,Tyler",Uptime,false,,,5,23
2156,Site Reliabilty,SR1,"Vinay,Smith,Tyler",Uptime,true,,,6,20
2157,RocketOS,ROS1,"Saheel,Harvey,Mike,Donna,Rachel",Operating System,true,,,1,24
2158,Site Reliabilty,SR1,"John,Smith,Tyler",Uptime,true,,,3,14
2159,Cloud Infra,CI1,"Smith,Tyler",Uptime,true,,,4,15
2160,Development,DEV23,"Saheel,Smith,Tyler",Uptime,false,,,5,23
2161,Site Reliabilty,SR1,"Vinay,Smith,Tyler",Uptime,true,,,6,20
2162,RocketOS,ROS1,"Saheel,Harvey,Mike,Donna,Rachel",Operating System,true,,,1,24
2163,Site Reliabilty,SR1,"John,Smith,Tyler",Uptime,true,,,3,14
2164,Cloud Infra,CI1,"Smith,Tyler",Uptime,true,,,4,15
2165,Development,DEV23,"Saheel,Smith,Tyler",Uptime,false,,,5,23
2166,Site Reliabilty,SR1,"Vinay,Smith,Tyler",Uptime,true,,,6,20
2167,RocketOS,ROS1,"Saheel,Harvey,Mike,Donna,Rachel",Operating System,true,,,1,24
2168,Site Reliabilty,SR1,"John,Smith,Tyler",Uptime,true,,,3,14
2169,Cloud Infra,CI1,"Smith,Tyler",Uptime,true,,,4,15
2170,Development,DEV23,"Saheel,Smith,Tyler",Uptime,false,,,5,23
2171,Site Reliabilty,SR1,"Vinay,Smith,Tyler",Uptime,true,,,6,20
2172,RocketOS,ROS1,"Saheel,Harvey,Mike,Donna,Rachel",Operating System,true,,,1,24
2173,Site Reliabilty,SR1,"John,Smith,Tyler",Uptime,true,,,3,14
2174,Cloud Infra,CI1,"Smith,Tyler",Uptime,true,,,4,15
2175,Development,DEV23,"Saheel,Smith,Tyler",Uptime,false,,,5,23
2176,Site Reliabilty,SR1,"Vinay,Smith,Tyler",Uptime,true,,,6,20
2177,RocketOS,ROS1,"Saheel,Harvey,Mike,Donna,Rachel",Operating System,true,,,1,24
2178,Cloud Infra,CI1,"Smith,Tyler",Uptime,true,,,4,15
2179,Development,DEV23,"Saheel,Smith,Tyler",Uptime,false,,,5,23
2180,Site Reliabilty,SR1,"Vinay,Smith,Tyler",Uptime,true,,,6,20
2181,RocketOS,ROS1,"Saheel,Harvey,Mike,Donna,Rachel",Operating System,true,,,1,24
2182,Site Reliabilty,SR1,"John,Smith,Tyler",Uptime,true,,,3,14
2183,Cloud Infra,CI1,"Smith,Tyler",Uptime,true,,,4,15
2184,Development,DEV23,"Saheel,Smith,Tyler",Uptime,false,,,5,23
2185,Site Reliabilty,SR1,"Vinay,Smith,Tyler",Uptime,true,,,6,20
2186,RocketOS,ROS1,"Saheel,Harvey,Mike,Donna,Rachel",Operating System,true,,,1,24
2187,Site Reliabilty,SR1,"John,Smith,Tyler",Uptime,true,,,3,14
2188,Cloud Infra,CI1,"Smith,Tyler",Uptime,true,,,4,15
2189,Development,DEV23,"Saheel,Smith,Tyler",Uptime,false,,,5,23
2190,Site Reliabilty,SR1,"Vinay,Smith,Tyler",Uptime,true,,,6,20
2191,RocketOS,ROS1,"Saheel,Harvey,Mike,Donna,Rachel",Operating System,true,,,1,24
2192,Site Reliabilty,SR1,"John,Smith,Tyler",Uptime,true,,,3,14
2193,Cloud Infra,CI1,"Smith,Tyler",Uptime,true,,,4,15
2194,Development,DEV23,"Saheel,Smith,Tyler",Uptime,false,,,5,23
2195,Site Reliabilty,SR1,"Vinay,Smith,Tyler",Uptime,true,,,6,20
2196,RocketOS,ROS1,"Saheel,Harvey,Mike,Donna,Rachel",Operating System,true,,,1,24
2197,Cloud Infra,CI1,"Smith,Tyler",Uptime,true,,,4,15
2198,Development,DEV23,"Saheel,Smith,Tyler",Uptime,false,,,5,23
2199,Site Reliabilty,SR1,"Vinay,Smith,Tyler",Uptime,true,,,6,20
2200,RocketOS,ROS1,"Saheel,Harvey,Mike,Donna,Rachel",Operating System,true,,,1,24
2201,Site Reliabilty,SR1,"John,Smith,Tyler",Uptime,true,,,3,14
2202,Cloud Infra,CI1,"Smith,Tyler",Uptime,true,,,4,15
2203,Development,DEV23,"Saheel,Smith,Tyler",Uptime,false,,,5,23
2204,Site Reliabilty,SR1,"Vinay,Smith,Tyler",Uptime,true,,,6,20
2205,RocketOS,ROS1,"Saheel,Harvey,Mike,Donna,Rachel",Operating System,true,,,1,24
2206,Site Reliabilty,SR1,"John,Smith,Tyler",Uptime,true,,,3,14
2207,Cloud Infra,CI1,"Smith,Tyler",Uptime,true,,,4,15
2208,Development,DEV23,"Saheel,Smith,Tyler",Uptime,false,,,5,23
2209,Site Reliabilty,SR1,"Vinay,Smith,Tyler",Uptime,true,,,6,20
2210,RocketOS,ROS1,"Saheel,Harvey,Mike,Donna,Rachel",Operating System,true,,,1,24
2211,Site Reliabilty,SR1,"John,Smith,Tyler",Uptime,true,,,3,14
2212,Cloud Infra,CI1,"Smith,Tyler",Uptime,true,,,4,15
2213,Development,DEV23,"Saheel,Smith,Tyler",Uptime,false,,,5,23
2214,Site Reliabilty,SR1,"Vinay,Smith,Tyler",Uptime,true,,,6,20
2215,RocketOS,ROS1,"Saheel,Harvey,Mike,Donna,Rachel",Operating System,true,,,1,24
2216,Site Reliabilty,SR1,"John,Smith,Tyler",Uptime,true,,,3,14
2217,Cloud Infra,CI1,"Smith,Tyler",Uptime,true,,,4,15
2218,Development,DEV23,"Saheel,Smith,Tyler",Uptime,false,,,5,23
2219,Site Reliabilty,SR1,"Vinay,Smith,Tyler",Uptime,true,,,6,20
2220,RocketOS,ROS1,"Saheel,Harvey,Mike,Donna,Rachel",Operating System,true,,,1,24
2221,Site Reliabilty,SR1,"John,Smith,Tyler",Uptime,true,,,3,14
2222,Cloud Infra,CI1,"Smith,Tyler",Uptime,true,,,4,15
2223,Development,DEV23,"Saheel,Smith,Tyler",Uptime,false,,,5,23
2224,Site Reliabilty,SR1,"Vinay,Smith,Tyler",Uptime,true,,,6,20
2225,RocketOS,ROS1,"Saheel,Harvey,Mike,Donna,Rachel",Operating System,true,,,1,24
2226,Site Reliabilty,SR1,"John,Smith,Tyler",Uptime,true,,,3,14
2227,Cloud Infra,CI1,"Smith,Tyler",Uptime,true,,,4,15
2228,Development,DEV23,"Saheel,Smith,Tyler",Uptime,false,,,5,23
2229,Site Reliabilty,SR1,"Vinay,Smith,Tyler",Uptime,true,,,6,20
2230,RocketOS,ROS1,"Saheel,Harvey,Mike,Donna,Rachel",Operating System,true,,,1,24
2231,Site Reliabilty,SR1,"John,Smith,Tyler",Uptime,true,,,3,14
2232,Cloud Infra,CI1,"Smith,Tyler",Uptime,true,,,4,15
2233,Development,DEV23,"Saheel,Smith,Tyler",Uptime,false,,,5,23
2234,Site Reliabilty,SR1,"Vinay,Smith,Tyler",Uptime,true,,,6,20
2235,RocketOS,ROS1,"Saheel,Harvey,Mike,Donna,Rachel",Operating System,true,,,1,24
2236,Cloud Infra,CI1,"Smith,Tyler",Uptime,true,,,4,15
2237,Development,DEV23,"Saheel,Smith,Tyler",Uptime,false,,,5,23
2238,Site Reliabilty,SR1,"Vinay,Smith,Tyler",Uptime,true,,,6,20
2239,RocketOS,ROS1,"Saheel,Harvey,Mike,Donna,Rachel",Operating System,true,,,1,24
2240,Site Reliabilty,SR1,"John,Smith,Tyler",Uptime,true,,,3,14
2241,Cloud Infra,CI1,"Smith,Tyler",Uptime,true,,,4,15
2242,Development,DEV23,"Saheel,Smith,Tyler",Uptime,false,,,5,23
2243,Site Reliabilty,SR1,"Vinay,Smith,Tyler",Uptime,true,,,6,20
2244,RocketOS,ROS1,"Saheel,Harvey,Mike,Donna,Rachel",Operating System,true,,,1,24
2245,Site Reliabilty,SR1,"John,Smith,Tyler",Uptime,true,,,3,14
2246,Cloud Infra,CI1,"Smith,Tyler",Uptime,true,,,4,15
2247,Development,DEV23,"Saheel,Smith,Tyler",Uptime,false,,,5,23
2248,Site Reliabilty,SR1,"Vinay,Smith,Tyler",Uptime,true,,,6,20
2249,RocketOS,ROS1,"Saheel,Harvey,Mike,Donna,Rachel",Operating System,true,,,1,24
2250,Site Reliabilty,SR1,"John,Smith,Tyler",Uptime,true,,,3,14
2251,Cloud Infra,CI1,"Smith,Tyler",Uptime,true,,,4,15
2252,Development,DEV23,"Saheel,Smith,Tyler",Uptime,false,,,5,23
2253,Site Reliabilty,SR1,"Vinay,Smith,Tyler",Uptime,true,,,6,20
2254,RocketOS,ROS1,"Saheel,Harvey,Mike,Donna,Rachel",Operating System,true,,,1,24
2255,Cloud Infra,CI1,"Smith,Tyler",Uptime,true,,,4,15
2256,Development,DEV23,"Saheel,Smith,Tyler",Uptime,false,,,5,23
2257,Site Reliabilty,SR1,"Vinay,Smith,Tyler",Uptime,true,,,6,20
2258,RocketOS,ROS1,"Saheel,Harvey,Mike,Donna,Rachel",Operating System,true,,,1,24
2259,Site Reliabilty,SR1,"John,Smith,Tyler",Uptime,true,,,3,14
2260,Cloud Infra,CI1,"Smith,Tyler",Uptime,true,,,4,15
2261,Development,DEV23,"Saheel,Smith,Tyler",Uptime,false,,,5,23
2262,Site Reliabilty,SR1,"Vinay,Smith,Tyler",Uptime,true,,,6,20
2263,RocketOS,ROS1,"Saheel,Harvey,Mike,Donna,Rachel",Operating System,true,,,1,24
2264,Site Reliabilty,SR1,"John,Smith,Tyler",Uptime,true,,,3,14
2265,Cloud Infra,CI1,"Smith,Tyler",Uptime,true,,,4,15
2266,Development,DEV23,"Saheel,Smith,Tyler",Uptime,false,,,5,23
2267,Site Reliabilty,SR1,"Vinay,Smith,Tyler",Uptime,true,,,6,20
2268,RocketOS,ROS1,"Saheel,Harvey,Mike,Donna,Rachel",Operating System,true,,,1,24
2269,Site Reliabilty,SR1,"John,Smith,Tyler",Uptime,true,,,3,14
2270,Cloud Infra,CI1,"Smith,Tyler",Uptime,true,,,4,15
2271,Development,DEV23,"Saheel,Smith,Tyler",Uptime,false,,,5,23
2272,Site Reliabilty,SR1,"Vinay,Smith,Tyler",Uptime,true,,,6,20
2273,RocketOS,ROS1,"Saheel,Harvey,Mike,Donna,Rachel",Operating System,true,,,1,24
2274,Site Reliabilty,SR1,"John,Smith,Tyler",Uptime,true,,,3,14
2275,Cloud Infra,CI1,"Smith,Tyler",Uptime,true,,,4,15
2276,Development,DEV23,"Saheel,Smith,Tyler",Uptime,false,,,5,23
2277,Site Reliabilty,SR1,"Vinay,Smith,Tyler",Uptime,true,,,6,20
2278,RocketOS,ROS1,"Saheel,Harvey,Mike,Donna,Rachel",Operating System,true,,,1,24
2279,Site Reliabilty,SR1,"John,Smith,Tyler",Uptime,true,,,3,14
2280,Cloud Infra,CI1,"Smith,Tyler",Uptime,true,,,4,15
2281,Development,DEV23,"Saheel,Smith,Tyler",Uptime,false,,,5,23
2282,Site Reliabilty,SR1,"Vinay,Smith,Tyler",Uptime,true,,,6,20
2283,RocketOS,ROS1,"Saheel,Harvey,Mike,Donna,Rachel",Operating System,true,,,1,24
2284,Site Reliabilty,SR1,"John,Smith,Tyler",Uptime,true,,,3,14
2285,Cloud Infra,CI1,"Smith,Tyler",Uptime,true,,,4,15
2286,Development,DEV23,"Saheel,Smith,Tyler",Uptime,false,,,5,23
2287,Site Reliabilty,SR1,"Vinay,Smith,Tyler",Uptime,true,,,6,20
2288,RocketOS,ROS1,"Saheel,Harvey,Mike,Donna,Rachel",Operating System,true,,,1,24
2289,Site Reliabilty,SR1,"John,Smith,Tyler",Uptime,true,,,3,14
2290,Cloud Infra,CI1,"Smith,Tyler",Uptime,true,,,4,15
2291,Development,DEV23,"Saheel,Smith,Tyler",Uptime,false,,,5,23
2292,Site Reliabilty,SR1,"Vinay,Smith,Tyler",Uptime,true,,,6,20
2293,RocketOS,ROS1,"Saheel,Harvey,Mike,Donna,Rachel",Operating System,true,,,1,24
2294,Cloud Infra,CI1,"Smith,Tyler",Uptime,true,,,4,15
2295,Development,DEV23,"Saheel,Smith,Tyler",Uptime,false,,,5,23
2296,Site Reliabilty,SR1,"Vinay,Smith,Tyler",Uptime,true,,,6,20
2297,RocketOS,ROS1,"Saheel,Harvey,Mike,Donna,Rachel",Operating System,true,,,1,24
2298,Site Reliabilty,SR1,"John,Smith,Tyler",Uptime,true,,,3,14
2299,Cloud Infra,CI1,"Smith,Tyler",Uptime,true,,,4,15
2300,Development,DEV23,"Saheel,Smith,Tyler",Uptime,false,,,5,23
2301,Site Reliabilty,SR1,"Vinay,Smith,Tyler",Uptime,true,,,6,20
2302,RocketOS,ROS1,"Saheel,Harvey,Mike,Donna,Rachel",Operating System,true,,,1,24
2303,Site Reliabilty,SR1,"John,Smith,Tyler",Uptime,true,,,3,14
2304,Cloud Infra,CI1,"Smith,Tyler",Uptime,true,,,4,15
2305,Development,DEV23,"Saheel,Smith,Tyler",Uptime,false,,,5,23
2306,Site Reliabilty,SR1,"Vinay,Smith,Tyler",Uptime,true,,,6,20
2307,RocketOS,ROS1,"Saheel,Harvey,Mike,Donna,Rachel",Operating System,true,,,1,24
2308,Site Reliabilty,SR1,"John,Smith,Tyler",Uptime,true,,,3,14
2309,Cloud Infra,CI1,"Smith,Tyler",Uptime,true,,,4,15
2310,Development,DEV23,"Saheel,Smith,Tyler",Uptime,false,,,5,23
2311,Site Reliabilty,SR1,"Vinay,Smith,Tyler",Uptime,true,,,6,20
2312,RocketOS,ROS1,"Saheel,Harvey,Mike,Donna,Rachel",Operating System,true,,,1,24
2313,Cloud Infra,CI1,"Smith,Tyler",Uptime,true,,,4,15
2314,Development,DEV23,"Saheel,Smith,Tyler",Uptime,false,,,5,23
2315,Site Reliabilty,SR1,"Vinay,Smith,Tyler",Uptime,true,,,6,20
2316,RocketOS,ROS1,"Saheel,Harvey,Mike,Donna,Rachel",Operating System,true,,,1,24
2317,Site Reliabilty,SR1,"John,Smith,Tyler",Uptime,true,,,3,14
2318,Cloud Infra,CI1,"Smith,Tyler",Uptime,true,,,4,15
2319,Development,DEV23,"Saheel,Smith,Tyler",Uptime,false,,,5,23
2320,Site Reliabilty,SR1,"Vinay,Smith,Tyler",Uptime,true,,,6,20
2321,RocketOS,ROS1,"Saheel,Harvey,Mike,Donna,Rachel",Operating System,true,,,1,24
2322,Site Reliabilty,SR1,"John,Smith,Tyler",Uptime,true,,,3,14
2323,Cloud Infra,CI1,"Smith,Tyler",Uptime,true,,,4,15
2324,Development,DEV23,"Saheel,Smith,Tyler",Uptime,false,,,5,23
2325,Site Reliabilty,SR1,"Vinay,Smith,Tyler",Uptime,true,,,6,20
2326,RocketOS,ROS1,"Saheel,Harvey,Mike,Donna,Rachel",Operating System,true,,,1,24
2327,Site Reliabilty,SR1,"John,Smith,Tyler",Uptime,true,,,3,14
2328,Cloud Infra,CI1,"Smith,Tyler",Uptime,true,,,4,15
2329,Development,DEV23,"Saheel,Smith,Tyler",Uptime,false,,,5,23
2330,Site Reliabilty,SR1,"Vinay,Smith,Tyler",Uptime,true,,,6,20
2331,RocketOS,ROS1,"Saheel,Harvey,Mike,Donna,Rachel",Operating System,true,,,1,24